"名称","导演","主演","时间","地区","类型","评分","评分人数","简评"
"肖申克的救赎 / The Shawshank Redemption / 月黑高飞(港) / 刺激1995(台)","弗兰克·德拉邦特 Frank Darabont"," 蒂姆·罗宾斯 Tim Robbins /...","1994"," 美国 "," 犯罪 剧情",9.7,2732804,"希望让人自由。"
"霸王别姬 / 再见，我的妾 / Farewell My Concubine","陈凯歌 Kaige Chen"," 张国荣 Leslie Cheung / 张丰毅 Fengyi Zha...","1993"," 中国大陆 中国香港 "," 剧情 爱情 同性",9.6,2024898,"风华绝代。"
"阿甘正传 / Forrest Gump / 福雷斯特·冈普","罗伯特·泽米吉斯 Robert Zemeckis"," 汤姆·汉克斯 Tom Hanks / ...","1994"," 美国 "," 剧情 爱情",9.5,2050200,"一部美国近现代史。"
"泰坦尼克号 / Titanic / 铁达尼号(港 / 台)","詹姆斯·卡梅隆 James Cameron"," 莱昂纳多·迪卡普里奥 Leonardo...","1997"," 美国 墨西哥 澳大利亚 加拿大 "," 剧情 爱情 灾难",9.4,2009237,"失去的才是永恒的。"
"这个杀手不太冷 / Léon / 终极追杀令(台) / 杀手莱昂","吕克·贝松 Luc Besson"," 让·雷诺 Jean Reno / 娜塔莉·波特曼 ...","1994"," 法国 美国 "," 剧情 动作 犯罪",9.4,2190987,"怪蜀黍和小萝莉不得不说的故事。"
"美丽人生 / La vita è bella / 一个快乐的传说(港) / Life Is Beautiful","罗伯托·贝尼尼 Roberto Benigni"," 罗伯托·贝尼尼 Roberto Beni...","1997"," 意大利 "," 剧情 喜剧 爱情 战争",9.6,1258430,"最美的谎言。"
"千与千寻 / 千と千尋の神隠し / 神隐少女(台) / 千与千寻的神隐","宫崎骏 Hayao Miyazaki"," 柊瑠美 Rumi Hîragi / 入野自由 Miy...","2001"," 日本 "," 剧情 动画 奇幻",9.4,2125267,"最好的宫崎骏，最好的久石让。"
"辛德勒的名单 / Schindler's List / 舒特拉的名单(港) / 辛德勒名单","史蒂文·斯皮尔伯格 Steven Spielberg"," 连姆·尼森 Liam Neeson...","1993"," 美国 "," 剧情 历史 战争",9.6,1050237,"拯救一个人，就是拯救整个世界。"
"盗梦空间 / Inception / 潜行凶间(港) / 全面启动(台)","克里斯托弗·诺兰 Christopher Nolan"," 莱昂纳多·迪卡普里奥 Le...","2010"," 美国 英国 "," 剧情 科幻 悬疑 冒险",9.4,1960527,"诺兰给了我们一场无法盗取的梦。"
"星际穿越 / Interstellar / 星际启示录(港) / 星际效应(台)","克里斯托弗·诺兰 Christopher Nolan"," 马修·麦康纳 Matthew Mc...","2014"," 美国 英国 加拿大 "," 剧情 科幻 冒险",9.4,1685665,"爱是一种力量，让我们超越时空感知它的存在。"
"忠犬八公的故事 / Hachi: A Dog's Tale / 秋田犬八千(港) / 忠犬小八(台)","莱塞·霍尔斯道姆 Lasse Hallström"," 理查·基尔 Richard Ger...","2009"," 美国 英国 "," 剧情",9.4,1336040,"永远都不能忘记你所爱的人。"
"楚门的世界 / The Truman Show / 真人Show(港) / 真人戏","彼得·威尔 Peter Weir"," 金·凯瑞 Jim Carrey / 劳拉·琳妮 Lau...","1998"," 美国 "," 剧情 科幻",9.4,1587417,"如果再也不能见到你，祝你早安，午安，晚安。"
"海上钢琴师 / La leggenda del pianista sull'oceano / 声光伴我飞(港) / 一九零零的传奇","朱塞佩·托纳多雷 Giuseppe Tornatore"," 蒂姆·罗斯 Tim Roth / ...","1998"," 意大利 "," 剧情 音乐",9.3,1597261,"每个人都要走一条自己坚定了的路，就算是粉身碎骨。"
"三傻大闹宝莱坞 / 3 Idiots / 三个傻瓜(台) / 作死不离3兄弟(港)","拉库马·希拉尼 Rajkumar Hirani"," 阿米尔·汗 Aamir Khan / 卡...","2009"," 印度 "," 剧情 喜剧 爱情 歌舞",9.2,1773885,"英俊版憨豆，高情商版谢耳朵。"
"机器人总动员 / WALL·E / 太空奇兵·威E(港) / 瓦力(台)","安德鲁·斯坦顿 Andrew Stanton"," 本·贝尔特 Ben Burtt / 艾丽...","2008"," 美国 "," 科幻 动画 冒险",9.3,1253903,"小瓦力，大人生。"
"放牛班的春天 / Les choristes / 歌声伴我心(港) / 唱诗班男孩","克里斯托夫·巴拉蒂 Christophe Barratier"," 让-巴蒂斯特·莫尼...","2004"," 法国 瑞士 德国 "," 剧情 喜剧 音乐",9.3,1236611,"天籁一般的童声，是最接近上帝的存在。"
"无间道 / 無間道 / Infernal Affairs / Mou gaan dou","刘伟强 / 麦兆辉"," 刘德华 / 梁朝伟 / 黄秋生","2002"," 中国香港 "," 剧情 犯罪 惊悚",9.3,1277312,"香港电影史上永不过时的杰作。"
"疯狂动物城 / Zootopia / 优兽大都会(港) / 动物方城市(台)","拜伦·霍华德 Byron Howard / 瑞奇·摩尔 Rich Moore"," 金妮弗·...","2016"," 美国 "," 喜剧 动画 冒险",9.2,1809947,"迪士尼给我们营造的乌托邦就是这样，永远善良勇敢，永远出乎意料。"
"大话西游之大圣娶亲 / 西遊記大結局之仙履奇緣 / 西游记完结篇仙履奇缘 / 齐天大圣西游记","刘镇伟 Jeffrey Lau"," 周星驰 Stephen Chow / 吴孟达 Man Tat Ng...","1995"," 中国香港 中国大陆 "," 喜剧 爱情 奇幻 古装",9.2,1457324,"一生所爱。"
"控方证人 / Witness for the Prosecution / 雄才伟略 / 情妇","比利·怀尔德 Billy Wilder"," 泰隆·鲍华 Tyrone Power / 玛琳·...","1957"," 美国 "," 剧情 犯罪 悬疑",9.6,502807,"比利·怀德满分作品。"
"熔炉 / 도가니 / 无声呐喊(港) / 漩涡","黄东赫 Dong-hyuk Hwang"," 孔侑 Yoo Gong / 郑有美 Yu-mi Jung /...","2011"," 韩国 "," 剧情",9.4,887681,"我们一路奋战不是为了改变世界，而是为了不让世界改变我们。"
"教父 / The Godfather / Mario Puzo's The Godfather","弗朗西斯·福特·科波拉 Francis Ford Coppola"," 马龙·白兰度 M...","1972"," 美国 "," 剧情 犯罪",9.3,910459,"千万不要记恨你的对手，这样会让你失去理智。"
"当幸福来敲门 / The Pursuit of Happyness / 寻找快乐的故事(港) / 追求快乐","加布里尔·穆奇诺 Gabriele Muccino"," 威尔·史密斯 Will Smith ...","2006"," 美国 "," 剧情 传记 家庭",9.2,1446622,"平民励志片。"
"触不可及 / Intouchables / 闪亮人生(港) / 逆转人生(台)","奥利维·那卡什 Olivier Nakache / 艾力克·托兰达 Eric Toledano",NA,"2011"," 法国 "," 剧情 喜剧",9.3,1036539,"满满温情的高雅喜剧。"
"怦然心动 / Flipped / 萌动青春 / 青春萌动","罗伯·莱纳 Rob Reiner"," 玛德琳·卡罗尔 Madeline Carroll / 卡...","2010"," 美国 "," 剧情 喜剧 爱情",9.1,1739676,"真正的幸福是来自内心深处。"
"龙猫 / となりのトトロ / 邻居托托罗 / 邻家的豆豆龙","宫崎骏 Hayao Miyazaki"," 日高法子 Noriko Hidaka / 坂本千夏 Ch...","1988"," 日本 "," 动画 奇幻 冒险",9.2,1201071,"人人心中都有个龙猫，童年就永远不会消失。"
"末代皇帝 / The Last Emperor / 末代皇帝溥仪(港)","贝纳尔多·贝托鲁奇 Bernardo Bertolucci"," 尊龙 John Lone / 陈...","1987"," 英国 意大利 中国大陆 法国 "," 剧情 传记 历史",9.3,821458,"“不要跟我比惨，我比你更惨”再适合这部电影不过了。"
"寻梦环游记 / Coco / 玩转极乐园(港) / 可可夜总会(台)","李·昂克里奇 Lee Unkrich / 阿德里安·莫利纳 Adrian Molina"," ...","2017"," 美国 "," 喜剧 动画 奇幻 音乐",9.1,1565628,"死亡不是真的逝去，遗忘才是永恒的消亡。"
"蝙蝠侠：黑暗骑士 / The Dark Knight / 蝙蝠侠前传2：黑暗骑士 / 黑暗骑士(台)","克里斯托弗·诺兰 Christopher Nolan"," 克里斯蒂安·贝尔 Christ...","2008"," 美国 英国 "," 剧情 动作 科幻 犯罪 惊悚",9.2,1003261,"无尽的黑暗。"
"活着 / 人生 / Lifetimes","张艺谋 Yimou Zhang"," 葛优 You Ge / 巩俐 Li Gong / 姜武 Wu Jiang","1994"," 中国大陆 中国香港 "," 剧情 历史 家庭",9.3,791417,"张艺谋最好的电影。"
"哈利·波特与魔法石 / Harry Potter and the Sorcerer's Stone / 哈利波特1：神秘的魔法石(港 / 台)","Chris Columbus"," Daniel Radcliffe / Emma Watson / Rupert Grint","2001"," 美国 英国 "," 奇幻 冒险",9.2,1106726,"童话世界的开端。"
"指环王3：王者无敌 / The Lord of the Rings: The Return of the King / 魔戒三部曲：王者再临(台 / 港)","彼得·杰克逊 Peter Jackson"," 伊利亚·伍德 Elijah Wood / 西恩...","2003"," 美国 新西兰 "," 剧情 动作 奇幻 冒险",9.3,760355,"史诗的终章。"
"乱世佳人 / Gone with the Wind / 飘","维克多·弗莱明 Victor Fleming / 乔治·库克 George Cukor"," 费...","1939"," 美国 "," 剧情 历史 爱情 战争",9.3,654099,"Tomorrow is another day."
"素媛 / 소원 / 许愿 / 希望：为爱重生(台)","李濬益 Jun-ik Lee"," 薛景求 Kyung-gu Sol / 严志媛 Ji-won Uhm ...","2013"," 韩国 "," 剧情",9.3,648378,"受过伤害的人总是笑得最开心，因为他们不愿意让身边的人承受一样的痛苦。"
"飞屋环游记 / Up / 冲天救兵(港) / 天外奇迹(台)","彼特·道格特 Pete Docter / 鲍勃·彼德森 Bob Peterson"," 爱德...","2009"," 美国 "," 剧情 喜剧 动画 冒险",9.1,1256955,"最后那些最无聊的事情，才是最值得怀念的。"
"我不是药神 / 中国药神 / 印度药神","文牧野 Muye Wen"," 徐峥 Zheng Xu / 王传君 Chuanjun Wang / 周...","2018"," 中国大陆 "," 剧情 喜剧",9,1991191,"对我们国家而言，这样的电影多一部是一部。"
"摔跤吧！爸爸 / Dangal / 我和我的冠军女儿(台) / 打死不离3父女(港)","涅提·蒂瓦里 Nitesh Tiwari"," 阿米尔·汗 Aamir Khan / 法缇玛...","2016"," 印度 "," 剧情 传记 运动 家庭",9,1493483,"你不是在为你一个人战斗，你要让千千万万的女性看到女生并不是只能相夫教子。"
"何以为家 / كفرناحوم / 迦百农 / 星仔打官司(港)","娜丁·拉巴基 Nadine Labaki"," 扎因·拉费阿 Zain al-Rafeea / ...","2018"," 黎巴嫩 美国 法国 塞浦路斯 卡塔尔 英国 "," 剧情",9.1,987176,"凝视卑弱生命，用电影改变命运。"
"十二怒汉 / 12 Angry Men / 12怒汉 / 十二怒汉","Sidney Lumet"," 亨利·方达 Henry Fonda / 马丁·鲍尔萨姆 Marti...","1957"," 美国 "," 剧情",9.4,457561,"1957年的理想主义。"
"哈尔的移动城堡 / ハウルの動く城 / 哈尔移动城堡(港) / 霍尔的移动城堡(台)","宫崎骏 Hayao Miyazaki"," 倍赏千惠子 Chieko Baishô / 木村拓...","2004"," 日本 "," 动画 奇幻 冒险",9.1,959189,"带着心爱的人在天空飞翔。"
"鬼子来了 / Devils on the Doorstep","姜文 Wen Jiang"," 姜文 Wen Jiang / 香川照之 Teruyuki Kagawa /...","2000"," 中国大陆 "," 剧情 喜剧",9.3,591841,"对敌人的仁慈，就是对自己残忍。"
"少年派的奇幻漂流 / Life of Pi / 少年Pi的奇幻漂流 / 漂流少年Pi","李安 Ang Lee"," 苏拉·沙玛 Suraj Sharma / 伊尔凡·可汗 Irrfan...","2012"," 美国 中国台湾 英国 加拿大 "," 剧情 奇幻 冒险",9.1,1288901,"瑰丽壮观、无人能及的冒险之旅。"
"猫鼠游戏 / Catch Me If You Can / 逍遥法外 / 捉智双雄(港)","史蒂文·斯皮尔伯格 Steven Spielberg"," 莱昂纳多·迪卡普里奥 L...","2002"," 美国 加拿大 "," 传记 犯罪 剧情",9.1,946167,"骗子大师和执著警探的你追我跑故事。"
"让子弹飞 / 让子弹飞一会儿 / 火烧云","姜文 Wen Jiang"," 姜文 Wen Jiang / 葛优 You Ge / 周润发 Yun-F...","2010"," 中国大陆 中国香港 "," 剧情 喜剧 动作 西部",9,1603432,"你给我翻译翻译，神马叫做TMD的惊喜。"
"大话西游之月光宝盒 / 西遊記第壹佰零壹回之月光寶盒 / 西游记101回月光宝盒 / 齐天大圣东游记","刘镇伟 Jeffrey Lau"," 周星驰 Stephen Chow / 吴孟达 Man Tat Ng...","1995"," 中国香港 中国大陆 "," 喜剧 爱情 奇幻 古装",9,1161214,"旷古烁今。"
"钢琴家 / The Pianist / 钢琴战曲(港) / 战地琴人(台)","罗曼·波兰斯基 Roman Polanski"," 艾德里安·布洛迪 Adrien Brod...","2002"," 英国 法国 波兰 德国 "," 剧情 传记 战争 音乐",9.3,587565,"音乐能化解仇恨。"
"天空之城 / 天空の城ラピュタ / 天空之城拉普他 / 空中城堡拉普他","宫崎骏 Hayao Miyazaki"," 田中真弓 Mayumi Tanaka / 横泽启子 Ke...","1986"," 日本 "," 动画 奇幻 冒险",9.2,778567,"对天空的追逐，永不停止。"
"海蒂和爷爷 / Heidi / 飘零燕(港) / 海蒂","阿兰·葛斯彭纳 Alain Gsponer"," 阿努克·斯特芬 Anuk Steffen /...","2015"," 德国 瑞士 "," 剧情 冒险 家庭",9.3,543321,"如果生活中有什么使你感到快乐，那就去做吧！不要管别人说什么。"
"指环王2：双塔奇兵 / The Lord of the Rings: The Two Towers / 魔戒二部曲：双城奇谋 / 指环王II：双塔","彼得·杰克逊 Peter Jackson"," 伊利亚·伍德 Elijah Wood / 西恩...","2002"," 美国 新西兰 "," 剧情 动作 奇幻 冒险",9.2,711163,"承前启后的史诗篇章。"
"闻香识女人 / Scent of a Woman / 女人香 / 女人的芳香","马丁·布莱斯 Martin Brest"," 阿尔·帕西诺 Al Pacino / 克里斯...","1992"," 美国 "," 剧情",9.1,830956,"史上最美的探戈。"
"天堂电影院 / Nuovo Cinema Paradiso / 星光伴我心(港) / 新天堂乐园(台)","朱塞佩·托纳多雷 Giuseppe Tornatore"," 菲利普·努瓦雷 Philipp...","1988"," 意大利 法国 "," 剧情 爱情",9.2,650638,"那些吻戏，那些青春，都在影院的黑暗里被泪水冲刷得无比清晰。"
"罗马假日 / Roman Holiday / 金枝玉叶(港) / 罗马假期(台)","威廉·惠勒 William Wyler"," 奥黛丽·赫本 Audrey Hepburn / 格...","1953"," 美国 "," 喜剧 剧情 爱情",9.1,906936,"爱情哪怕只有一天。"
"大闹天宫 / 大闹天宫 上下集 / The Monkey King","万籁鸣 Laiming Wan"," 邱岳峰 Yuefeng Qiu / 富润生 Runsheng Fu...","1961"," 1964(中国大陆) / 1978(中国大陆) / 中国大陆 "," 剧情 动画 奇幻 古装",9.4,407446,"经典之作，历久弥新。"
"指环王1：护戒使者 / The Lord of the Rings: The Fellowship of the Ring / 指环王1：魔戒再现 / 指环王I：护戒使者","彼得·杰克逊 Peter Jackson"," 伊利亚·伍德 Elijah Wood / 西恩...","2001"," 新西兰 美国 "," 剧情 动作 奇幻 冒险",9.1,802061,"传说的开始。"
"黑客帝国 / The Matrix / 22世纪杀人网络(港) / 廿二世纪杀人网络(港)","安迪·沃卓斯基 Andy Wachowski / 拉娜·沃卓斯基 Lana Wachowski",NA,"1999"," 美国 "," 动作 科幻",9.1,796153,"视觉革命。"
"死亡诗社 / Dead Poets Society / 暴雨骄阳(港) / 春风化雨(台)","彼得·威尔 Peter Weir"," 罗宾·威廉姆斯 Robin Williams / 罗伯...","1989"," 美国 "," 剧情",9.2,673861,"当一个死水般的体制内出现一个活跃的变数时，所有的腐臭都站在了光明的对面。"
"绿皮书 / Green Book / 绿簿旅友(港) / 幸福绿皮书(台)","彼得·法雷里 Peter Farrelly"," 维果·莫腾森 Viggo Mortensen /...","2018"," 美国 中国大陆 "," 剧情 喜剧 传记 音乐",8.9,1543604,"去除成见，需要勇气。"
"教父2 / The Godfather: Part II / 教父续集(港) / 教父II","弗朗西斯·福特·科波拉 Francis Ford Coppola"," 阿尔·帕西诺 A...","1974"," 美国 "," 剧情 犯罪",9.3,517619,"优雅的孤独。"
"狮子王 / The Lion King / 狮子王3D","Roger Allers / 罗伯·明可夫 Rob Minkoff"," 乔纳森·泰勒·托马...","1994"," 美国 "," 动画 冒险 歌舞",9.1,791484,"动物版《哈姆雷特》。"
"辩护人 / 변호인 / 逆权大状(港) / 正义辩护人(台)","杨宇硕 Woo-seok Yang"," 宋康昊 Kang-ho Song / 金英爱 Yeong-ae...","2013"," 韩国 "," 剧情",9.2,562577,"电影的现实意义大过电影本身。"
"搏击俱乐部 / Fight Club / 搏击会(港) / 斗阵俱乐部(台)","大卫·芬奇 David Fincher"," 爱德华·诺顿 Edward Norton / 布拉...","1999"," 美国 德国 意大利 "," 剧情 动作 悬疑 惊悚",9,805495,"邪恶与平庸蛰伏于同一个母体，在特定的时间互相对峙。"
"饮食男女 / 飲食男女 / Eat Drink Man Woman","李安 Ang Lee"," 郎雄 Sihung Lung / 杨贵媚 Kuei-Mei Yang / 吴...","1994"," 中国台湾 美国 "," 剧情 家庭",9.2,582307,"人生不能像做菜，把所有的料都准备好了才下锅。"
"美丽心灵 / A Beautiful Mind / 有你终生美丽(港) / 美丽境界(台)","朗·霍华德 Ron Howard"," 罗素·克劳 Russell Crowe / 艾德·哈...","2001"," 美国 "," 传记 剧情",9.1,729904,"爱是一切逻辑和原由。"
"本杰明·巴顿奇事 / The Curious Case of Benjamin Button / 奇幻逆缘(港) / 班杰明的奇幻旅程(台)","大卫·芬奇 David Fincher"," 凯特·布兰切特 Cate Blanchett / ...","2008"," 美国 "," 剧情 爱情 奇幻",9,935206,"在时间之河里感受溺水之苦。"
"穿条纹睡衣的男孩 / The Boy in the Striped Pajamas / 穿条纹衣服的男孩 / 穿条纹衣的男孩","马克·赫尔曼 Mark Herman"," 阿萨·巴特菲尔德 Asa Butterfield ...","2008"," 英国 美国 "," 剧情 战争",9.2,525485,"尽管有些不切实际的幻想，这部电影依旧是一部感人肺腑的佳作。"
"窃听风暴 / Das Leben der Anderen / 窃听者(港) / 他人的生活",NA,NA,"2006"," 德国 "," 剧情 悬疑",9.2,535679,"别样人生。"
"情书 / Love Letter / When I Close My Eyes / Letters of Love","岩井俊二 Shunji Iwai"," 中山美穗 Miho Nakayama / 丰川悦司 Ets...","1995"," 日本 "," 剧情 爱情",8.9,1037773,"暗恋的极致。"
"两杆大烟枪 / Lock, Stock and Two Smoking Barrels / 够姜四小强(港) / 两根枪管(台)","Guy Ritchie"," Jason Flemyng / Dexter Fletcher / Nick Moran","1998"," 英国 "," 剧情 喜剧 犯罪",9.1,567586,"4个臭皮匠顶个诸葛亮，盖·里奇果然不是盖的。"
"西西里的美丽传说 / Malèna / 真爱伴我行(台) / 玛莲娜","朱塞佩·托纳多雷 Giuseppe Tornatore"," 莫妮卡·贝鲁奇 Monica ...","2000"," 意大利 美国 "," 剧情 战争 情色",8.9,926235,"美丽无罪。"
"音乐之声 / The Sound of Music / 仙乐飘飘处处闻(港) / 真善美(台)","罗伯特·怀斯 Robert Wise"," 朱莉·安德鲁斯 Julie Andrews / 克...","1965"," 美国 "," 剧情 传记 爱情 歌舞",9.1,568687,"用音乐化解仇恨，让歌声串起美好。"
"看不见的客人 / Contratiempo / 死无对证(港) / 布局(台)","奥里奥尔·保罗 Oriol Paulo"," 马里奥·卡萨斯 Mario Casas / 阿...","2016"," 西班牙 "," 剧情 犯罪 悬疑 惊悚",8.8,1185411,"你以为你以为的就是你以为的。"
"拯救大兵瑞恩 / Saving Private Ryan / 雷霆救兵(港) / 抢救雷恩大兵(台)","史蒂文·斯皮尔伯格 Steven Spielberg"," 汤姆·汉克斯 Tom Hanks...","1998"," 美国 "," 剧情 战争",9.1,614258,"美利坚精神输出大片No1."
"飞越疯人院 / One Flew Over the Cuckoo's Nest / 飞越杜鹃窝(台) / 飞越喜鹊巢","米洛斯·福尔曼 Miloš Forman"," 杰克·尼科尔森 Jack Nichols...","1975"," 美国 "," 剧情",9.1,524315,"自由万岁。"
"小鞋子 / بچه های آسمان / 天堂的孩子 / 小童鞋","马基德·马基迪 Majid Majidi"," 默罕默德·阿米尔·纳吉 Mohamma...","1997"," 伊朗 "," 剧情 儿童 家庭",9.2,387822,"奔跑的孩子是天使。"
"阿凡达 / Avatar / 天神下凡(港) / 化身","詹姆斯·卡梅隆 James Cameron"," 萨姆·沃辛顿 Sam Worthington ...","2009"," 美国 "," 动作 科幻 冒险",8.8,1311837,"绝对意义上的美轮美奂。"
"哈利·波特与死亡圣器(下) / Harry Potter and the Deathly Hallows: Part 2 / 哈利波特7：死神的圣物2(港 / 台)","大卫·叶茨 David Yates"," 丹尼尔·雷德克里夫 Daniel Radcliffe...","2011"," 美国 英国 "," 奇幻 冒险",9,778204,"10年的完美句点。"
"沉默的羔羊 / The Silence of the Lambs / 沉默的羔羊","乔纳森·戴米 Jonathan Demme"," 朱迪·福斯特 Jodie Foster / 安...","1991"," 美国 "," 剧情 犯罪 惊悚",8.9,836386,"安东尼·霍普金斯的顶级表演。"
"致命魔术 / The Prestige / 死亡魔法(港) / 顶尖对决(台)","克里斯托弗·诺兰 Christopher Nolan"," 休·杰克曼 Hugh Jackman...","2006"," 英国 美国 "," 剧情 悬疑 惊悚",8.9,814266,"孪生蝙蝠侠大战克隆金刚狼。"
"禁闭岛 / Shutter Island / 不赦岛(港) / 隔离岛(台)","Martin Scorsese"," 莱昂纳多·迪卡普里奥 Leonardo DiCaprio / ...","2010"," 美国 "," 剧情 悬疑 惊悚",8.9,918131,"昔日翩翩少年，今日大腹便便。"
"布达佩斯大饭店 / The Grand Budapest Hotel / 布达佩斯大酒店(港) / 欢迎来到布达佩斯大饭店(台)","韦斯·安德森 Wes Anderson"," 拉尔夫·费因斯 Ralph Fiennes / ...","2014"," 美国 德国 英国 "," 剧情 喜剧 冒险",8.9,871736,"小清新的故事里注入了大历史的情怀。"
"蝴蝶效应 / The Butterfly Effect / 蝴蝶效应","埃里克·布雷斯 Eric Bress / J·麦基·格鲁伯 J. Mackye Gruber",NA,"2004"," 美国 加拿大 "," 剧情 悬疑 科幻 惊悚",8.9,887710,"人的命运被自己瞬间的抉择改变。"
"海豚湾 / The Cove / 血色海湾(台) / 海湾","路易·西霍尤斯 Louie Psihoyos"," Richard O'Barry / 路易·西霍...","2009"," 美国 "," 纪录片",9.3,345271,"海豚的微笑，是世界上最高明的伪装。"
"美国往事 / Once Upon a Time in America / 四海兄弟(台) / 义薄云天(港)","赛尔乔·莱翁内 Sergio Leone"," 罗伯特·德尼罗 Robert De Niro ...","1984"," 美国 意大利 "," 犯罪 剧情",9.2,391516,"往事如烟，无处祭奠。"
"心灵捕手 / Good Will Hunting / 骄阳似我(港) / 心灵捕手","格斯·范·桑特 Gus Van Sant"," 马特·达蒙 Matt Damon / 罗宾·...","1997"," 美国 "," 剧情",8.9,671148,"人生中应该拥有这样的一段豁然开朗。"
"低俗小说 / Pulp Fiction / 危险人物(港) / 黑色追缉令(台)","昆汀·塔伦蒂诺 Quentin Tarantino"," 约翰·特拉沃尔塔 John Tra...","1994"," 美国 "," 剧情 喜剧 犯罪",8.9,788738,"故事的高级讲法。"
"春光乍泄 / 春光乍洩 / 一起快乐 / Happy Together","王家卫 Kar Wai Wong"," 张国荣 Leslie Cheung / 梁朝伟 Tony Leu...","1997"," 中国香港 日本 韩国 "," 剧情 爱情 同性",9,596795,"爱情纠缠，男女一致。"
"摩登时代 / Modern Times / The Masses / Les Temps modernes","查理·卓别林 Charles Chaplin"," 查理·卓别林 Charles Chaplin ...","1936"," 美国 "," 剧情 喜剧 爱情",9.3,282702,"大时代中的人生，小人物的悲喜。"
"功夫 / 功夫3D / Kung Fu Hustle","周星驰 Stephen Chow"," 周星驰 Stephen Chow / 元秋 Qiu Yuen / ...","2004"," 中国大陆 中国香港 "," 动作 喜剧 犯罪 奇幻",8.8,1041388,"警恶惩奸，维护世界和平这个任务就交给你了，好吗？"
"喜剧之王 / 喜劇之王 / King of Comedy","周星驰 Stephen Chow / 李力持 Lik-Chi Lee"," 周星驰 Stephen Ch...","1999"," 中国香港 "," 喜剧 剧情 爱情",8.8,916373,"我是一个演员。"
"哈利·波特与阿兹卡班的囚徒 / Harry Potter and the Prisoner of Azkaban / 哈利波特3：阿兹卡班的逃犯(港 / 台)","Alfonso Cuarón"," 丹尼尔·雷德克里夫 Daniel Radcliffe / Emma...","2004"," 英国 美国 "," 奇幻 冒险",8.9,670433,"不一样的导演，不一样的哈利·波特。"
"七宗罪 / Se7en / 火线追缉令(台) / 7宗罪","大卫·芬奇 David Fincher"," 摩根·弗里曼 Morgan Freeman / 布...","1995"," 美国 "," 剧情 犯罪 悬疑 惊悚",8.8,902191,"警察抓小偷，老鼠玩死猫。"
"超脱 / Detachment / 人间师格(台)","托尼·凯耶 Tony Kaye"," 艾德里安·布洛迪 Adrien Brody / 马西...","2011"," 美国 "," 剧情",9,541979,"穷尽一生，我们要学会的，不过是彼此拥抱。"
"致命ID / Identity / 杀人游戏 / 致命身份","詹姆斯·曼高德 James Mangold"," 约翰·库萨克 John Cusack / 雷...","2003"," 美国 "," 剧情 悬疑 惊悚",8.8,773869,"最不可能的那个人永远是最可能的。"
"杀人回忆 / 살인의 추억 / 谋杀回忆 / 杀手回忆录","奉俊昊 Joon-ho Bong"," 宋康昊 Kang-ho Song / 金相庆 Sang-kyun...","2003"," 韩国 "," 剧情 动作 犯罪 悬疑 惊悚",8.9,667228,"关于连环杀人悬案的集体回忆。"
"红辣椒 / パプリカ / 盗梦侦探(港 / 台)","今敏 Satoshi Kon"," 林原惠美 Megumi Hayashibara / 江守彻 Toru...","2006"," 日本 "," 动画 悬疑 科幻 惊悚",9.1,429648,"梦的勾结。"
"加勒比海盗 / Pirates of the Caribbean: The Curse of the Black Pearl / 加勒比海盗1：黑珍珠号的诅咒 / 神鬼奇航：鬼盗船魔咒(台)","戈尔·维宾斯基 Gore Verbinski"," 约翰尼·德普 Johnny Depp / ...","2003"," 美国 "," 动作 冒险 奇幻",8.8,815324,"约翰尼·德普的独角戏。"
"狩猎 / Jagten / 诬网(港) / 谎言的烙印(台)","托马斯·温特伯格 Thomas Vinterberg"," 麦斯·米科尔森 Mads Mik...","2012"," 丹麦 瑞典 "," 剧情",9.1,366129,"人言可畏。"
"被嫌弃的松子的一生 / 嫌われ松子の一生 / 花样奇缘(港) / 令人讨厌的松子的一生(台)","中岛哲也 Tetsuya Nakashima"," 中谷美纪 Miki Nakatani / 瑛太 E...","2006"," 日本 "," 剧情 歌舞",8.9,674070,"以戏谑来戏谑戏谑。"
"7号房的礼物 / 7번방의 선물 / 戆爸的礼物(港) / 7号囚房的礼物","李焕庆 Hwan-kyeong Lee"," 柳承龙 Seung-yong Ryoo / 朴信惠 Shi...","2013"," 韩国 "," 剧情 喜剧 家庭",8.9,526146,"《我是山姆》的《美丽人生》。"
"请以你的名字呼唤我 / Call Me by Your Name / 以你的名字呼唤我(港 / 台)","卢卡·瓜达尼诺 Luca Guadagnino"," 艾米·汉莫 Armie Hammer / ...","2017"," 意大利 法国 巴西 美国 "," 剧情 爱情 同性",8.9,678668,"沉醉在电影的情感和视听氛围中无法自拔。"
"哈利·波特与密室 / Harry Potter and the Chamber of Secrets / 哈利波特2：消失的密室(港 / 台)","Chris Columbus"," 丹尼尔·雷德克里夫 Daniel Radcliffe / 艾玛...","2002"," 英国 美国 "," 奇幻 冒险",8.8,697095,"魔法的密室之门已打开..."
"一一 / Yi yi / Yi yi: A One and a Two","杨德昌 Edward Yang"," 吴念真 / 李凯莉 Kelly Lee / 金燕玲 Elai...","2000"," 中国台湾 日本 "," 剧情 爱情 家庭",9.1,361925,"我们都曾经是一一。"
"唐伯虎点秋香 / 唐伯虎點秋香 / Flirting Scholar","李力持 Lik-Chi Lee"," 周星驰 Stephen Chow / 巩俐 Li Gong / 陈...","1993"," 中国香港 "," 喜剧 爱情 古装",8.7,1016274,"华太师是黄霑，吴镇宇四大才子之一。"
"剪刀手爱德华 / Edward Scissorhands / 幻海奇缘(港) / 剪刀手爱德华","蒂姆·波顿 Tim Burton"," 约翰尼·德普 Johnny Depp / 薇诺娜·...","1990"," 美国 "," 剧情 奇幻 爱情",8.7,995760,"浪漫忧郁的成人童话。"
"断背山 / Brokeback Mountain / 断臂山 / BBM","李安 Ang Lee"," 希斯·莱杰 Heath Ledger / 杰克·吉伦哈尔 Jake...","2005"," 美国 加拿大 "," 剧情 爱情 同性 家庭",8.8,676997,"每个人心中都有一座断背山。"
"勇敢的心 / Braveheart / 惊世未了缘(港) / 梅尔吉勃逊之英雄本色(台)","梅尔·吉布森 Mel Gibson"," 梅尔·吉布森 Mel Gibson / 苏菲·玛...","1995"," 美国 "," 动作 传记 剧情 历史 战争",8.9,539788,"史诗大片的典范。"
"入殓师 / おくりびと / 礼仪师之奏鸣曲(港) / 礼仪师(台)","泷田洋二郎 Yôjirô Takita"," 本木雅弘 Masahiro Motoki / ...","2008"," 日本 "," 剧情",8.9,631876,"死可能是一道门，逝去并不是终结，而是超越，走向下一程。"
"第六感 / The Sixth Sense / 鬼眼(港) / 灵异第六感(台)","M·奈特·沙马兰 M. Night Shyamalan"," 布鲁斯·威利斯 Bruce Wi...","1999"," 美国 "," 剧情 悬疑 惊悚",8.9,526992,"深入内心的恐怖，出人意料的结局。"
"爱在黎明破晓前 / Before Sunrise / 情留半天(港) / 爱在黎明破晓时(台)","理查德·林克莱特 Richard Linklater"," 伊桑·霍克 Ethan Hawke ...","1995"," 美国 奥地利 瑞士 "," 剧情 爱情",8.8,634083,"缘分是个连绵词，最美不过一瞬。"
"重庆森林 / 重慶森林 / Chungking Express","王家卫 Kar Wai Wong"," 林青霞 Brigitte Lin / 金城武 Takeshi K...","1994"," 中国香港 "," 剧情 爱情",8.8,765030,"寂寞没有期限。"
"蝙蝠侠：黑暗骑士崛起 / The Dark Knight Rises / 蝙蝠侠前传3：黑暗骑士崛起 / 黑暗骑士：黎明升起(台)","克里斯托弗·诺兰 Christopher Nolan"," 克里斯蒂安·贝尔 Christ...","2012"," 美国 英国 "," 剧情 动作 科幻 犯罪 惊悚",8.8,683319,"诺兰就是保证。"
"幽灵公主 / もののけ姫 / 魔法公主(港 / 台)","宫崎骏 Hayao Miyazaki"," 松田洋治 Yôji Matsuda / 石田百合...","1997"," 日本 "," 动画 奇幻 冒险",8.9,497079,"人与自然的战争史诗。"
"天使爱美丽 / Le fabuleux destin d'Amélie Poulain / 艾蜜莉的异想世界(台) / 天使艾米莉","让-皮埃尔·热内 Jean-Pierre Jeunet"," 奥黛丽·塔图 Audrey Tau...","2001"," 法国 德国 "," 剧情 喜剧 爱情",8.7,926934,"法式小清新。"
"菊次郎的夏天 / 菊次郎の夏 / 菊次郎之夏 / Kikujirô no natsu","北野武 Takeshi Kitano"," 北野武 Takeshi Kitano / 关口雄介 Yus...","1999"," 日本 "," 剧情 喜剧",8.9,562267,"从没见过那么流氓的温柔，从没见过那么温柔的流氓。"
"小森林 夏秋篇 / リトル・フォレスト 夏・秋 / 小森食光 / 夏秋篇(台)","森淳一 Junichi Mori"," 桥本爱 Ai Hashimoto / 三浦贵大 Takahir...","2014"," 日本 "," 剧情",9,405022,"那些静得只能听见呼吸的日子里，你明白孤独即生活。"
"超能陆战队 / Big Hero 6 / 大英雄联盟(港) / 大英雄天团(台)","唐·霍尔 Don Hall / 克里斯·威廉姆斯 Chris Williams"," 斯科特...","2014"," 美国 "," 喜剧 动作 科幻 动画 冒险",8.7,957574,"Balalala~~~"
"阳光灿烂的日子 / In the Heat of the Sun","姜文 Wen Jiang"," 夏雨 Yu Xia / 宁静 Jing Ning / 陶虹 Hong Tao","1994"," 中国大陆 中国香港 "," 剧情 爱情",8.9,585211,"一场华丽的意淫。"
"爱在日落黄昏时 / Before Sunset / 日落巴黎(港) / 爱在日落巴黎时(台)","理查德·林克莱特 Richard Linklater"," 伊桑·霍克 Ethan Hawke ...","2004"," 美国 法国 "," 剧情 爱情",8.9,521718,"九年后的重逢是世俗和责任的交叠，没了悸动和青涩，沧桑而温暖。"
"完美的世界 / A Perfect World / 强盗保镳","克林特·伊斯特伍德 Clint Eastwood"," 凯文·科斯特纳 Kevin Cos...","1993"," 美国 "," 剧情 犯罪",9.1,295307,"坏人的好总是比好人的好来得更感人。"
"无人知晓 / 誰も知らない / 谁知赤子心(港) / 无人知晓的夏日清晨(台)","是枝裕和 Hirokazu Koreeda"," 柳乐优弥 Yûya Yagira / 北浦爱...","2004"," 日本 "," 剧情",9.1,299381,"我的平常生活就是他人的幸福。"
"消失的爱人 / Gone Girl / 失踪的女孩 / 失踪女孩","大卫·芬奇 David Fincher"," 本·阿弗莱克 Ben Affleck / 罗莎蒙...","2014"," 美国 "," 剧情 犯罪 悬疑 惊悚",8.7,880782,"年度最佳date movie。"
"甜蜜蜜 / Comrades: Almost a Love Story","陈可辛 Peter Chan"," 黎明 Leon Lai / 张曼玉 Maggie Cheung / ...","1996"," 中国香港 "," 剧情 爱情",8.9,505315,"相逢只要一瞬间，等待却像是一辈子。"
"借东西的小人阿莉埃蒂 / 借りぐらしのアリエッティ / 借物少女艾莉缇(台) / 借东西的小矮人亚莉亚蒂(港)","米林宏昌 Hiromasa Yonebayashi"," 志田未来 Mirai Shida / 神木...","2010"," 日本 "," 动画 奇幻 冒险",8.9,521088,"曾经的那段美好会沉淀为一辈子的记忆。"
"倩女幽魂 / 倩女幽魂(87版) / 倩女幽魂：妖魔道","程小东 Siu-Tung Ching"," 张国荣 Leslie Cheung / 王祖贤 Joey W...","1987"," 中国香港 "," 爱情 奇幻 武侠 古装",8.8,694938,"两张绝世的脸。"
"小森林 冬春篇 / リトル・フォレスト 冬・春 / 小森食光 / 冬春篇(台)","森淳一 Junichi Mori"," 桥本爱 Ai Hashimoto / 三浦贵大 Takahir...","2015"," 日本 "," 剧情",9,360786,"尊敬他人，尊敬你生活的这片土地，明白孤独是人生的常态。"
"侧耳倾听 / 耳をすませば / 心之谷(台) / 梦幻街少女(港)","近藤喜文 Yoshifumi Kondo"," 本名阳子 Youko Honna / 小林桂树 K...","1995"," 日本 "," 剧情 爱情 动画",8.9,436856,"少女情怀总是诗。"
"时空恋旅人 / About Time / 回到最爱的一天(港) / 真爱每一天(台)","理查德·柯蒂斯 Richard Curtis"," 多姆纳尔·格里森 Domhnall Gl...","2013"," 英国 "," 喜剧 爱情 奇幻",8.8,619164,"把每天当作最后一天般珍惜度过，积极拥抱生活，就是幸福。"
"幸福终点站 / The Terminal / 机场客运站(港) / 航站情缘(台)","史蒂文·斯皮尔伯格 Steven Spielberg"," 汤姆·汉克斯 Tom Hanks...","2004"," 美国 "," 喜剧 剧情 爱情",8.8,534995,"有时候幸福需要等一等。"
"驯龙高手 / How to Train Your Dragon / 驯龙记(港)","迪恩·德布洛斯 Dean DeBlois / 克里斯·桑德斯 Chris Sanders","...","2010"," 美国 "," 动画 奇幻 冒险",8.8,717778,"和谐的生活离不开摸头与被摸头。"
"萤火之森 / 蛍火の杜へ / 萤火之社 / Hotarubi no mori e","大森贵弘 Takahiro Omori"," 佐仓绫音 Ayane Sakura / 内山昂辉 K...","2011"," 日本 "," 剧情 爱情 动画 奇幻",8.9,503294,"触不到的恋人。"
"寄生虫 / 기생충 / 寄生上流(台) / 上流寄生族(港)","奉俊昊 Joon-ho Bong"," 宋康昊 Kang-ho Song / 李善均 Seon-gyun...","2019"," 韩国 "," 剧情",8.8,1299168,NA
"教父3 / The Godfather: Part III / 教父第三集 / 教父 III","弗朗西斯·福特·科波拉 Francis Ford Coppola"," 阿尔·帕西诺 A...","1990"," 美国 "," 剧情 犯罪",9,349580,"任何信念的力量，都无法改变命运。"
"怪兽电力公司 / Monsters, Inc. / 怪兽公司(港) / 怪物公司","彼特·道格特 Pete Docter / 大卫·斯沃曼 David Silverman"," 约...","2001"," 美国 "," 儿童 喜剧 动画 奇幻 冒险",8.8,630397,"不要给它起名字，起了名字就有感情了。"
"一个叫欧维的男人决定去死 / En man som heter Ove / 明天别再来敲门(台) / 想死冇咁易(港)","汉内斯·赫尔姆 Hannes Holm"," 罗夫·拉斯加德 Rolf Lassgård...","2015"," 瑞典 "," 剧情",8.9,438561,"惠及一生的美丽。"
"未麻的部屋 / Perfect Blue / 蓝色恐惧(港 / 台)","今敏 Satoshi Kon"," 岩男润子 Junko Iwao / 松本梨香 Rica Matsu...","1997"," 日本 "," 动画 奇幻 惊悚",9.1,305142,"好的剧本是，就算你猜到了结局也猜不到全部。"
"玛丽和马克思 / Mary and Max / 巧克力情缘(台) / 同是天涯寂寞客","亚当·艾略特 Adam Elliot"," 托妮·科莱特 Toni Collette / 菲利...","2009"," 澳大利亚 美国 "," 剧情 喜剧 动画",8.9,407345,"你是我最好的朋友，你是我唯一的朋友 。"
"玩具总动员3 / Toy Story 3 / 反斗奇兵3(港) / 玩具的故事3","李·昂克里奇 Lee Unkrich"," 汤姆·汉克斯 Tom Hanks / 蒂姆·艾...","2010"," 美国 "," 喜剧 动画 奇幻 冒险",8.9,484750,"跨度十五年的欢乐与泪水。"
"傲慢与偏见 / Pride & Prejudice / 傲慢与偏见2005 / Pride And Prejudice","乔·怀特 Joe Wright"," 凯拉·奈特莉 Keira Knightley / 马修·...","2005"," 法国 英国 美国 "," 剧情 爱情",8.7,749554,"爱是摈弃傲慢与偏见之后的曙光。"
"神偷奶爸 / Despicable Me / 卑鄙的我 / 坏蛋奖门人(港)","皮艾尔·柯芬 Pierre Coffin / 克里斯·雷纳德 Chris Renaud"," ...","2010"," 美国 法国 "," 喜剧 动画 冒险",8.6,903189,"Mr. I Don't Care其实也有Care的时候。"
"釜山行 / 부산행 / 尸杀列车(港) / 尸速列车(台)","延尚昊 Sang-ho Yeon"," 孔侑 Yoo Gong / 郑有美 Yu-mi Jung / 马...","2016"," 韩国 "," 动作 惊悚 灾难",8.6,1133870,"揭露人性的丧尸题材力作。"
"告白 / 自白 / 母亲","中岛哲也 Tetsuya Nakashima"," 松隆子 Takako Matsu / 冈田将生 ...","2010"," 日本 "," 剧情 悬疑",8.8,645107,"没有一人完全善，也没有一人完全恶。"
"大鱼 / Big Fish / 大鱼奇缘(港) / 大智若鱼(台)","蒂姆·波顿 Tim Burton"," 伊万·麦克格雷格 Ewan McGregor / 阿...","2003"," 美国 "," 剧情 家庭 奇幻 冒险",8.8,542581,"抱着梦想而活着的人是幸福的，怀抱梦想而死去的人是不朽的。"
"被解救的姜戈 / Django Unchained / 被解放的姜戈 / 决杀令(台)","昆汀·塔伦蒂诺 Quentin Tarantino"," 杰米·福克斯 Jamie Foxx /...","2012"," 美国 "," 剧情 动作 西部 冒险",8.8,576022,"热血沸腾，那个低俗、性感的无耻混蛋又来了。"
"哈利·波特与火焰杯 / Harry Potter and the Goblet of Fire / 哈利波特4：火杯的考验(港 / 台)","迈克·内威尔 Mike Newell"," 丹尼尔·雷德克里夫 Daniel Radclif...","2005"," 英国 美国 "," 悬疑 奇幻 冒险",8.8,607303,NA
"新世界 / 신세계 / 暗黑新世界(台) / New World","朴勋政 Hoon-jung Park"," 李政宰 Jung-Jae Lee / 崔岷植 Min-sik...","2013"," 韩国 "," 剧情 犯罪",8.9,392079,"要做就做得狠一点，这样才能活下去。"
"射雕英雄传之东成西就 / 射鵰英雄傳之東成西就 / 东成西就 / 大英雄 (日本)","刘镇伟 Jeffrey Lau"," 梁朝伟 Tony Leung Chiu Wai / 林青霞 Bri...","1993"," 中国香港 "," 喜剧 奇幻 武侠 古装",8.7,601997,"百看不厌。"
"阳光姐妹淘 / 써니 / 阳光姊妹淘(港) / 桑尼","姜炯哲 Hyeong-Cheol Kang"," 沈恩京 Eun-kyung Shim / 闵孝琳 Hy...","2011"," 韩国 "," 剧情 喜剧",8.8,570270,"再多各自牛逼的时光，也比不上一起傻逼的岁月。"
"哪吒闹海 / Prince Nezha's Triumph Against Dragon King / Nezha Conquers the Dragon King","王树忱 Shuchen Wang / 严定宪 Dingxian Yan"," 梁正晖 Zhenghui ...","1979"," 中国大陆 "," 冒险 动画 奇幻",9.2,243329,"想你时你在闹海。"
"我是山姆 / I Am Sam / 不一样的爸爸(港) / 他不笨，他是我爸爸(台)","杰茜·尼尔森 Jessie Nelson"," Sean Penn / Dakota Fanning / Mi...","2001"," 美国 "," 剧情 家庭",9,319602,"爱并不需要智商 。"
"恐怖直播 / 더 테러 라이브 / 死亡“动”新闻(港) / 恐怖攻击直播(台)","金秉祐 Byeong-woo Kim"," 河正宇 Jung-woo Ha / 李璟荣 Kyeong-y...","2013"," 韩国 "," 剧情 犯罪 悬疑",8.7,619495,"恐怖分子的“秋菊打官司”。"
"头号玩家 / Ready Player One / 玩家一号 / 挑战者1号(港)","史蒂文·斯皮尔伯格 Steven Spielberg"," 泰伊·谢里丹 Tye Sheri...","2018"," 美国 "," 动作 科幻 冒险",8.7,1298856,"写给影迷，动漫迷和游戏迷的一封情书。"
"模仿游戏 / The Imitation Game / 解码游戏(港) / 模拟游戏","莫滕·泰杜姆 Morten Tyldum"," 本尼迪克特·康伯巴奇 Benedict C...","2014"," 英国 美国 "," 剧情 传记 战争 同性",8.8,610875,"他给机器起名“克里斯托弗”，因为这是他初恋的名字。"
"血战钢锯岭 / Hacksaw Ridge / 钢锯岭 / 钢铁英雄(台)","梅尔·吉布森 Mel Gibson"," 安德鲁·加菲尔德 Andrew Garfield /...","2016"," 澳大利亚 美国 "," 剧情 传记 历史 战争",8.7,749176,"优秀的战争片不会美化战场，不会粉饰死亡，不会矮化敌人，不会无视常识，最重要的，不会宣扬战争。"
"喜宴 / 囍宴 / The Wedding Banquet","李安 Ang Lee"," 赵文瑄 Winston Chao / 郎雄 Sihung Lung / 归亚...","1993"," 中国台湾 美国 "," 剧情 喜剧 爱情 同性 家庭",9,336069,"中国家庭的喜怒哀乐忍。"
"七武士 / 七人の侍 / 七侠四义(港) / 七剑客(港)","黑泽明 Akira Kurosawa"," 三船敏郎 Toshirô Mifune / 志村乔 ...","1954"," 日本 "," 动作 冒险 剧情",9.3,185730,"时代悲歌。"
"花样年华 / 花樣年華 / In the Mood for Love","王家卫 Kar Wai Wong"," 梁朝伟 Tony Leung Chiu Wai / 张曼玉 Ma...","2000"," 中国香港 "," 剧情 爱情",8.7,566762,"偷情本没有这样美。"
"头脑特工队 / Inside Out / 玩转脑朋友(港) / 脑筋急转弯(台)",NA,NA,"2015"," 美国 "," 喜剧 动画 冒险",8.8,573995,"愿我们都不用长大，每一座城堡都能永远存在。"
"九品芝麻官 / 九品芝麻官之白面包青天 / Hail the Judge","王晶 Jing Wong"," 周星驰 Stephen Chow / 吴孟达 Man Tat Ng / ...","1994"," 中国香港 中国大陆 "," 剧情 喜剧 古装",8.7,626218,NA
"黑客帝国3：矩阵革命 / The Matrix Revolutions / 22世纪杀人网络3：惊变世纪(港) / 骇客任务完结篇：最后战役(台)",NA,NA,"2003"," 美国 "," 动作 科幻",8.8,425390,"不得不说，《黑客帝国》系列是商业片与科幻、哲学完美结合的典范。"
"电锯惊魂 / Saw / 恐惧斗室(港) / 夺魂锯(台)","詹姆斯·温 James Wan"," 雷·沃纳尔 Leigh Whannell / 加利·艾...","2004"," 美国 "," 悬疑 惊悚 恐怖",8.8,501721,"真相就在眼前。"
"三块广告牌 / Three Billboards Outside Ebbing, Missouri / 广告牌杀人事件(港) / 意外(台)","马丁·麦克唐纳 Martin McDonagh"," 弗兰西斯·麦克多蒙德 France...","2017"," 美国 英国 "," 剧情 犯罪",8.7,781509,"怼天怼地，你走后，她与世界为敌。"
"惊魂记 / Psycho / 精神病患者 / 触目惊心(港)","阿尔弗雷德·希区柯克 Alfred Hitchcock"," 安东尼·博金斯 Antho...","1960"," 美国 "," 悬疑 惊悚 恐怖",9,268471,"故事的反转与反转，分裂电影的始祖。"
"你的名字。 / 君の名は。 / 你的名字 / 君之名","新海诚 Makoto Shinkai"," 神木隆之介 Ryûnosuke Kamiki / 上...","2016"," 日本 "," 剧情 爱情 动画",8.5,1315958,"穿越错位的时空，仰望陨落的星辰，你没留下你的名字，我却无法忘记那句“我爱你”。"
"达拉斯买家俱乐部 / Dallas Buyers Club / 续命枭雄(港) / 药命俱乐部(台)","让-马克·瓦雷 Jean-Marc Vallée"," 马修·麦康纳 Matthew McCon...","2013"," 美国 "," 剧情 传记 同性",8.8,430843,"Jared Leto的腿比女人还美！"
"卢旺达饭店 / Hotel Rwanda / 卢安达饭店(台)","特瑞·乔治 Terry George"," 唐·钱德尔 Don Cheadle / 苏菲·奥...","2004"," 英国 南非 意大利 美国 "," 剧情 传记 历史 战争",8.9,310964,"当这个世界闭上双眼，他却敞开了怀抱。"
"疯狂原始人 / The Croods / 古鲁家族(港 / 台)","科克·德·米科 Kirk De Micco / 克里斯·桑德斯 Chris Sanders",NA,"2013"," 美国 "," 喜剧 动画 冒险",8.7,799849,"老少皆宜，这就是好莱坞动画的魅力。"
"上帝之城 / Cidade de Deus / 无主之城 (港) / 无法无天 (台)",NA,NA,"2002"," 巴西 法国 "," 犯罪 剧情",9,287807,"被上帝抛弃了的上帝之城。"
"心迷宫 / 殡棺 / The Coffin in the Mountain","忻钰坤 Yukun Xin"," 霍卫民 Weimin Huo / 王笑天 Xiaotian Wang ...","2014"," 中国大陆 "," 剧情 犯罪 悬疑",8.7,488713,"荒诞讽刺，千奇百巧，抽丝剥茧，百转千回。"
"谍影重重3 / The Bourne Ultimatum / 叛谍追击3：最后通牒(港) / 神鬼认证：最后通牒 (台)","保罗·格林格拉斯 Paul Greengrass"," 马特·达蒙 Matt Damon / ...","2007"," 美国 德国 "," 动作 悬疑 惊悚",8.8,397748,"像吃了苏打饼一样干脆的电影。"
"色，戒 / 色|戒 / 色·戒","李安 Ang Lee"," 梁朝伟 Tony Leung Chiu Wai / 汤唯 Wei Tang / ...","2007"," 中国台湾 中国大陆 美国 中国香港 "," 剧情 爱情 情色",8.6,732117,"假戏真情，爱欲深海"
"英雄本色 / A Better Tomorrow / Gangland Boss","吴宇森 John Woo"," 周润发 Yun-Fat Chow / 狄龙 Lung Ti / 张国...","1986"," 中国香港 "," 剧情 动作 犯罪",8.6,505584,"英雄泪短，兄弟情长。"
"风之谷 / 風の谷のナウシカ / 风谷少女 / Kaze no tani no Naushika","宫崎骏 Hayao Miyazaki"," 岛本须美 Sumi Shimamoto / 松田洋治 Y...","1984"," 日本 "," 动画 奇幻 冒险",8.9,339543,"动画片的圣经。"
"纵横四海 / 緃横四海 / Once a Thief","吴宇森 John Woo"," 周润发 Yun-Fat Chow / 张国荣 Leslie Cheung...","1991"," 中国香港 "," 剧情 喜剧 动作 犯罪",8.8,398257,"香港浪漫主义警匪动作片的巅峰之作。"
"茶馆 / The Teahouse","谢添 Tian Xie"," 于是之 Shizhi Yu / 郑榕 Rong Zhen / 蓝天野 T...","1982"," 中国大陆 "," 剧情 历史",9.5,120715,NA
"海街日记 / 海街diary / 海街女孩日记(港) / Kamakura Diary","是枝裕和 Hirokazu Koreeda"," 绫濑遥 Haruka Ayase / 长泽雅美 M...","2015"," 日本 "," 剧情 家庭",8.8,420661,"是枝裕和的家庭习作。"
"记忆碎片 / Memento / 凶心人(港) / 记忆拼图(台)","克里斯托弗·诺兰 Christopher Nolan"," 盖·皮尔斯 Guy Pearce /...","2000"," 美国 "," 犯罪 剧情 悬疑 惊悚",8.7,573616,"一个针管引发的血案。"
"岁月神偷 / 歲月神偷 / 1969太空漫游 / Echoes Of The Rainbow","罗启锐 Alex Law"," 吴君如 Sandra Ng / 任达华 Simon Yam / 钟绍...","2010"," 中国香港 中国大陆 "," 剧情 家庭",8.7,555297,"岁月流逝，来日可追。"
"爱在午夜降临前 / Before Midnight / 情约半生(港) / 爱在午夜希腊时(台)","理查德·林克莱特 Richard Linklater"," 伊桑·霍克 Ethan Hawke ...","2013"," 美国 希腊 "," 剧情 爱情",8.9,370926,"所谓爱情，就是话唠一路，都不会心生腻烦，彼此嫌弃。"
"绿里奇迹 / The Green Mile / 绿色奇迹(台) / 绿色英里","弗兰克·德拉邦特 Frank Darabont"," 汤姆·汉克斯 Tom Hanks / ...","1999"," 美国 "," 犯罪 剧情 奇幻 悬疑",8.9,306894,"天使暂时离开。"
"忠犬八公物语 / ハチ公物語 / 八千公物语 / 阿八的故事","Seijirô Kôyama"," 山本圭 Kei Yamamoto / 井川比佐志 Hisa...","1987"," 日本 "," 剧情",9.2,183261,"养狗三日，便会对你终其一生。"
"荒蛮故事 / Relatos salvajes / 蛮荒故事 / 生命中最抓狂的小事(台)","达米安·斯兹弗隆 Damián Szifron"," 达里奥·葛兰帝内提 Darío...","2014"," 阿根廷 西班牙 "," 剧情 喜剧 犯罪",8.8,418836,"始于荒诞，止于更荒诞。"
"爆裂鼓手 / Whiplash / 鼓动真我(港) / 进击的鼓手(台)","达米恩·查泽雷 Damien Chazelle"," 迈尔斯·特勒 Miles Teller /...","2014"," 美国 "," 剧情 音乐",8.7,552697,"这个世界从不善待努力的人，努力了也不一定会成功，但是知道自己在努力，就是活下去的动力。"
"小偷家族 / 万引き家族 / Shoplifters / Une Affaire de Famille","是枝裕和 Hirokazu Koreeda"," 中川雅也 Lily Franky / 安藤樱 Sa...","2018"," 日本 "," 剧情 犯罪 家庭",8.7,777716,"我们组成了家。"
"疯狂的石头 / Crazy Stone","宁浩 Hao Ning"," 郭涛 Tao Guo / 刘桦 Hua Liu / 连晋 Teddy Lin","2006"," 中国大陆 中国香港 "," 喜剧 犯罪",8.6,774628,"中国版《两杆大烟枪》。"
"无敌破坏王 / Wreck-It Ralph / 破坏王拉尔夫 / 破坏王大冒险","瑞奇·莫尔 Rich Moore"," 约翰·C·赖利 John C. Reilly / 萨拉...","2012"," 美国 "," 喜剧 动画 奇幻 冒险",8.7,507525,"迪士尼和皮克斯拿错剧本的产物。"
"贫民窟的百万富翁 / Slumdog Millionaire / 一百万零一夜(港) / 贫民百万富翁(台)","丹尼·鲍尔 Danny Boyle / 洛芙琳·坦丹 Loveleen Tandan"," 戴夫...","2008"," 英国 "," 剧情 爱情",8.6,714410,"上帝之城+猜火车+阿甘正传+开心辞典=山寨富翁"
"雨中曲 / Singin' in the Rain / 万花嬉春(港 / 台)","斯坦利·多南 Stanley Donen / 吉恩·凯利 Gene Kelly"," 吉恩·...","1952"," 美国 "," 喜剧 歌舞 爱情",9.1,207463,"骨灰级歌舞片。"
"东邪西毒 / 東邪西毒 / Ashes of Time","王家卫 Kar Wai Wong"," 张国荣 Leslie Cheung / 林青霞 Brigitte...","1994"," 中国香港 中国台湾 "," 剧情 动作 爱情 武侠 古装",8.6,549015,"电影诗。"
"冰川时代 / Ice Age / 冰河世纪 / 冰原历险记","卡洛斯·沙尔丹哈 Carlos Saldanha / 克里斯·韦奇 Chris Wedge",NA,"2002"," 美国 "," 喜剧 动画 冒险",8.6,582509,"松鼠才是角儿。"
"真爱至上 / Love Actually / 真的恋爱了(港) / 爱是您，爱是我(台)","理查德·柯蒂斯 Richard Curtis"," 休·格兰特 Hugh Grant / 柯林...","2003"," 英国 美国 法国 "," 喜剧 剧情 爱情",8.6,690342,"爱，是个动词。"
"恐怖游轮 / Triangle / 汪洋血迷宮(台) / 轮回三角","克里斯托弗·史密斯 Christopher Smith"," 梅利莎·乔治 Melissa ...","2009"," 英国 澳大利亚 "," 剧情 悬疑 惊悚",8.5,803666,"不要企图在重复中寻找已经失去的爱。"
"2001太空漫游 / 2001: A Space Odyssey / 2001：星际漫游 / 2001：太空奥德赛","斯坦利·库布里克 Stanley Kubrick"," 凯尔·杜拉 Keir Dullea / ...","1968"," 英国 美国 "," 科幻 惊悚 冒险",8.9,298683,"现代科幻电影的开山之作，最伟大导演的最伟大影片。"
"你看起来好像很好吃 / おまえうまそうだな / 你看起来很好吃(台) / 你看上去好像很好吃","藤森雅也 Masaya Fujimori"," 山口胜平 Kappei Yamaguchi / 爱河...","2010"," 日本 "," 剧情 动画 儿童",8.9,316818,"感情不分食草或者食肉。"
"黑天鹅 / Black Swan / 夺命黑天鹅 / 霸王别鹅(豆友译名)","达伦·阿罗诺夫斯基 Darren Aronofsky"," 娜塔莉·波特曼 Natalie...","2010"," 美国 "," 剧情 惊悚",8.6,752624,"黑暗之美。"
"无间道2 / 無間道II / 无间道前传 / Infernal Affairs II","刘伟强 / 麦兆辉"," 陈冠希 / 余文乐 / 曾志伟","2003"," 中国香港 "," 剧情 犯罪 惊悚",8.7,441383,NA
"背靠背，脸对脸 / 背对背，脸对脸 / Back to Back, Face to Face","黄建新 Jianxin Huang / 杨亚洲 Yazhou Yang"," 牛振华 Zhenhua N...","1994"," 中国大陆 中国香港 "," 剧情",9.5,115621,NA
"魔女宅急便 / 魔女の宅急便 / 魔女琪琪(台) / 小魔女限时专送","宫崎骏 Hayao Miyazaki"," 高山南 Minami Takayama / 佐久间玲 Re...","1989"," 日本 "," 动画 奇幻 冒险",8.7,433074,"宫崎骏的电影总让人感觉世界是美好的，阳光明媚的。"
"小丑 / Joker / 小丑起源电影：罗密欧 / Romeo","托德·菲利普斯 Todd Phillips"," 杰昆·菲尼克斯 Joaquin Phoeni...","2019"," 美国 加拿大 "," 剧情 犯罪 惊悚",8.7,952630,NA
"牯岭街少年杀人事件 / 牯嶺街少年殺人事件 / A Brighter Summer Day","杨德昌 Edward Yang"," 张震 Chen Chang / 杨静怡 Lisa Yang / 张...","1991"," 中国台湾 "," 剧情 犯罪",8.9,275310,"弱者送给弱者的一刀。"
"遗愿清单 / The Bucket List / 玩转身前事(港) / 一路玩到挂(台)","罗伯·莱纳 Rob Reiner"," 杰克·尼科尔森 Jack Nicholson / 摩根...","2007"," 美国 "," 冒险 喜剧 剧情",8.7,423213,"用剩余不多的时间，去燃烧整个生命。"
"大佛普拉斯 / The Great Buddha+","黄信尧 Hsin-yao Huang"," 庄益增 Yizeng Zhuang / 陈竹昇 Chu-sh...","2017"," 中国台湾 "," 剧情 喜剧",8.7,422478,"人们可以登上月球，却永远无法探索人们内心的宇宙。"
"雨人 / Rain Man / 手足情未了(港) / 手足情深","巴瑞·莱文森 Barry Levinson"," 达斯汀·霍夫曼 Dustin Hoffman ...","1988"," 美国 "," 剧情",8.7,385350,"生活在自己的世界里，也可以让周围的人显得可笑和渺小。"
"可可西里 / Kekexili: Mountain Patrol","陆川 Chuan Lu"," 多布杰 Duobujie / 张磊 Lei Zhang / 亓亮 Qi L...","2004"," 中国大陆 中国香港 "," 剧情 犯罪",8.9,286580,"坚硬的信仰。"
"恋恋笔记本 / The Notebook / 忘了·忘不了(港) / 手札情缘(台)","尼克·卡索维茨 Nick Cassavetes"," 瑞恩·高斯林 Ryan Gosling /...","2004"," 美国 "," 剧情 爱情",8.6,635067,"爱情没有那么多借口，如果不能圆满，只能说明爱的不够。"
"城市之光 / City Lights / City Lights: A Comedy Romance in Pantomime / Lichter der Großstadt","Charles Chaplin"," 查理·卓别林 Charles Chaplin / 弗吉尼亚·...","1931"," 美国 "," 喜剧 剧情 爱情",9.3,135978,"永远的小人物，伟大的卓别林。"
"东京教父 / 東京ゴッドファーザーズ / Tokyo Godfathers","今敏 Satoshi Kon"," 江守彻 Toru Emori / 梅垣义明 Yoshiaki Ume...","2003"," 日本 "," 剧情 喜剧 动画",9,204428,NA
"源代码 / Source Code / 启动原始码(台) / 危机解密(港)","邓肯·琼斯 Duncan Jones"," 杰克·吉伦哈尔 Jake Gyllenhaal / ...","2011"," 美国 加拿大 "," 科幻 悬疑 惊悚",8.5,795658,"邓肯·琼斯继《月球》之后再度奉献出一部精彩绝伦的科幻佳作。"
"初恋这件小事 / สิ่งเล็กเล็กที่เรียกว่า...รัก / 初恋那件小事(港) / 暗恋那点小事",NA,NA,"2010"," 泰国 "," 剧情 喜剧 爱情",8.5,943943,"黑小鸭速效美白记。"
"人工智能 / Artificial Intelligence: AI / AI人工智慧","史蒂文·斯皮尔伯格 Steven Spielberg"," 海利·乔·奥斯蒙 Haley...","2001"," 美国 英国 "," 剧情 科幻",8.7,421155,"对爱的执着，可以超越一切。"
"虎口脱险 / La grande vadrouille / 横冲直撞出重围(港) / 大進擊(台)","杰拉尔·乌里 Gérard Oury"," 路易·德·菲耐斯 Louis de Funès...","1966"," 法国 英国 "," 喜剧 战争",8.9,240532,"永远看不腻的喜剧。"
"萤火虫之墓 / 火垂るの墓 / 再见萤火虫(港) / 萤火挽歌","高畑勋 Isao Takahata"," 辰己努 / 白石绫乃 / 志乃原良子","1988"," 日本 "," 动画 剧情 战争",8.7,389995,"幸福是生生不息，却难以触及的远。"
"心灵奇旅 / Soul / 灵魂奇遇记(港) / 灵魂急转弯(台)","彼特·道格特 Pete Docter / 凯普·鲍尔斯 Kemp Powers"," 杰米·...","2020"," 美国 "," 动画 奇幻 音乐",8.7,909075,NA
"海边的曼彻斯特 / Manchester by the Sea / 情系海边之城(港)","肯尼斯·罗纳根 Kenneth Lonergan"," 卡西·阿弗莱克 Casey Affle...","2016"," 美国 "," 剧情 家庭",8.6,487452,"我们都有权利不与自己的过去和解。"
"罗生门 / 羅生門 / Rashomon","黑泽明 Akira Kurosawa"," 三船敏郎 Toshirô Mifune / 京町子 ...","1950"," 日本 "," 剧情 犯罪 悬疑",8.8,296597,"人生的N种可能性。"
"青蛇 / Green Snake","徐克 Hark Tsui"," 张曼玉 Maggie Cheung / 王祖贤 Joey Wang / ...","1993"," 中国香港 中国大陆 "," 剧情 爱情 奇幻 古装",8.6,495879,"人生如此，浮生如斯。谁人言，花彼岸，此生情长意短。谁都是不懂爱的罢了。"
"波西米亚狂想曲 / Bohemian Rhapsody / 波希米亚狂想曲：摇滚传说(港) / 波希米亚狂想曲(台)","布莱恩·辛格 Bryan Singer"," 拉米·马雷克 Rami Malek / 本·哈...","2018"," 英国 美国 "," 剧情 传记 同性 音乐",8.6,568030,NA
"终结者2：审判日 / Terminator 2: Judgment Day / 未来战士2(港) / 魔鬼终结者2(台)","詹姆斯·卡梅隆 James Cameron"," 阿诺·施瓦辛格 Arnold Schwarz...","1991"," 美国 法国 "," 动作 科幻",8.8,323479,"少见的超越首部的续集，动作片中的经典。"
"疯狂的麦克斯4：狂暴之路 / Mad Max: Fury Road / 末日先锋：战甲飞车(港) / 疯狂麦斯：愤怒道(台)","乔治·米勒 George Miller"," 汤姆·哈迪 Tom Hardy / 查理兹·塞...","2015"," 澳大利亚 美国 "," 动作 科幻 冒险",8.7,498481,"“多么美好的一天！”轰轰轰砰咚，啪哒哒哒轰隆隆，磅~"
"新龙门客栈 / 新龍門客棧 / New Dragon Gate Inn","李惠民 Raymond Lee"," 张曼玉 Maggie Cheung / 林青霞 Brigitte ...","1992"," 中国香港 中国大陆 "," 动作 爱情 武侠 古装",8.7,419333,"嬉笑怒骂，调风动月。"
"奇迹男孩 / Wonder / 奇迹","斯蒂芬·卓博斯基 Stephen Chbosky"," 雅各布·特伦布莱 Jacob Tr...","2017"," 美国 中国香港 "," 剧情 儿童 家庭",8.6,529494,"世界不完美，爱会有奇迹。"
"二十二 / Twenty Two / 22","郭柯 Ke Guo","","2015"," 中国大陆 "," 纪录片",8.7,281051,"有一些东西不应该被遗忘。"
"无耻混蛋 / Inglourious Basterds / 希魔撞正杀人狂(港) / 恶棍特工(台)","Quentin Tarantino"," 布拉德·皮特 Brad Pitt / 梅拉尼·罗兰 M...","2009"," 德国 美国 "," 剧情 犯罪",8.6,448891,"昆汀同学越来越变态了，比北野武还杜琪峰。"
"千钧一发 / Gattaca / 变种异煞(港) / 自然人","安德鲁·尼科尔 Andrew Niccol"," 伊桑·霍克 Ethan Hawke / 乌玛...","1997"," 美国 "," 剧情 科幻 惊悚",8.8,275031,"一部能引人思考的科幻励志片。"
"房间 / Room / 不存在的房间(台) / 抖室(港)","伦尼·阿伯拉罕森 Lenny Abrahamson"," 布丽·拉尔森 Brie Larson...","2015"," 爱尔兰 加拿大 英国 美国 "," 剧情 家庭",8.8,355597,"被偷走的岁月，被伤害的生命，被禁锢的灵魂，终将被希望和善意救赎。"
"血钻 / Blood Diamond / 血钻石(台) / 血腥钻石","爱德华·兹威克 Edward Zwick"," 莱昂纳多·迪卡普里奥 Leonardo ...","2006"," 美国 德国 英国 "," 剧情 惊悚 冒险",8.7,359609,"每个美丽事物背后都是滴血的现实。"
"崖上的波妞 / 崖の上のポニョ / 悬崖上的金鱼姬 / 悬崖上的金鱼公主","宫崎骏 Hayao Miyazaki"," 奈良柚莉爱 Yuria Nara / 土井洋辉 Hir...","2008"," 日本 "," 动画 奇幻 冒险",8.6,459073,NA
"彗星来的那一夜 / Coherence / 相干性 / 相干效应","詹姆斯·沃德·布柯特 James Ward Byrkit"," 艾米丽·芭尔多尼 Em...","2013"," 美国 英国 "," 科幻 悬疑 惊悚",8.5,535958,"小成本大魅力。"
"黑客帝国2：重装上阵 / The Matrix Reloaded / 22世纪杀人网络2：决战未来(港) / 骇客任务：重装上阵(台)",NA,NA,"2003"," 美国 "," 动作 科幻",8.7,385505,"一个精彩的世界观正在缓缓建立。"
"步履不停 / 歩いても 歩いても / 横山家之味(港 / 台)","是枝裕和 Hirokazu Koreeda"," 阿部宽 Hiroshi Abe / 夏川结衣 Yu...","2008"," 日本 "," 剧情 家庭",8.8,263507,"日本的家庭电影已经是世界巅峰了，步履不停是巅峰中的佳作。"
"魂断蓝桥 / Waterloo Bridge / 滑铁卢桥 / 断桥残梦","茂文·勒鲁瓦 Mervyn LeRoy"," 费雯·丽 Vivien Leigh / 罗伯特·...","1940"," 美国 "," 剧情 爱情 战争",8.8,263102,"中国式内在的美国电影。"
"战争之王 / Lord of War / 军火之王(台 / 港)","安德鲁·尼科尔 Andrew Niccol"," 尼古拉斯·凯奇 Nicolas Cage /...","2005"," 法国 德国 美国 "," 剧情 犯罪",8.7,346641,"做一颗让别人需要你的棋子。"
"爱乐之城 / La La Land / 星声梦里人(港) / 乐来越爱你(台)","达米恩·查泽雷 Damien Chazelle"," 瑞恩·高斯林 Ryan Gosling /...","2016"," 美国 "," 剧情 爱情 歌舞",8.4,833099,NA
"末路狂花 / Thelma & Louise / 塞尔玛与路易丝 / 末路狂花","雷德利·斯科特 Ridley Scott"," 吉娜·戴维斯 Geena Davis / 苏...","1991"," 美国 英国 法国 "," 犯罪 剧情 惊悚",8.9,228318,"没有了退路，只好飞向自由。"
"谍影重重2 / The Bourne Supremacy / 叛谍追击2：机密圈套(港) / 神鬼认证：神鬼疑云(台)","保罗·格林格拉斯 Paul Greengrass"," 马特·达蒙 Matt Damon / ...","2004"," 美国 德国 "," 动作 悬疑 惊悚",8.7,333800,"谁说王家卫镜头很晃？"
"火星救援 / The Martian / 火星任务(港) / 绝地救援(台)","雷德利·斯科特 Ridley Scott"," 马特·达蒙 Matt Damon / 杰西卡...","2015"," 英国 美国 匈牙利 约旦 "," 剧情 科幻 冒险",8.5,681317,NA
"燃情岁月 / Legends of the Fall / 秋日传奇 / 真爱一世情(台)","爱德华·兹威克 Edward Zwick"," 布拉德·皮特 Brad Pitt / 安东...","1994"," 美国 "," 剧情 爱情 战争 西部",8.8,273528,"传奇，不是每个人都可以拥有。"
"千年女优 / 千年女優 / Millennium Actress","今敏 Satoshi Kon"," 庄司美代子 Miyoko Shôji / 小山茉美 Mam...","2001"," 日本 "," 动画 剧情 爱情",8.8,244744,"爱情是一场没有尽头的虚幻追逐。"
"花束般的恋爱 / 花束みたいな恋をした / 她和他的恋爱花期(港) / Hanataba mitaina koi o shita","土井裕泰 Nobuhiro Doi"," 菅田将晖 Masaki Suda / 有村架纯 Kasu...","2021"," 日本 "," 剧情 爱情",8.6,524123,NA
"阿飞正传 / 阿飛正傳 / Days of Being Wild","王家卫 Kar Wai Wong"," 张国荣 Leslie Cheung / 张曼玉 Maggie C...","1990"," 中国香港 "," 犯罪 剧情 爱情",8.5,480738,"王家卫是一种风格，张国荣是一个代表。"
"再次出发之纽约遇见你 / Begin Again / 再次出发 / 歌曲改变人生","约翰·卡尼 John Carney"," 凯拉·奈特莉 Keira Knightley / 马克...","2013"," 美国 "," 喜剧 爱情 音乐",8.6,407083,"爱我就给我看你的播放列表。"
"谍影重重 / The Bourne Identity / 叛谍追击(港) / 神鬼认证(台)","道格·里曼 Doug Liman"," 马特·达蒙 Matt Damon / 弗兰卡·波坦...","2002"," 美国 德国 捷克 "," 动作 悬疑 惊悚",8.6,402104,"哗啦啦啦啦，天在下雨，哗啦啦啦啦，云在哭泣……找自己。"
"朗读者 / The Reader / 为爱朗读(台) / 读爱(港)","史蒂芬·戴德利 Stephen Daldry"," 凯特·温丝莱特 Kate Winslet ...","2008"," 美国 德国 "," 剧情 爱情",8.6,437554,"当爱情跨越年龄的界限，它似乎能变得更久远一点，成为一种责任，一种水到渠成的相濡以沫。"
"海洋 / Océans / Oceans / 海洋","雅克·贝汉 Jacques Perrin / 雅克·克鲁奥德 Jacques Cluzaud","...","2009"," 法国 瑞士 西班牙 美国 阿联酋 摩纳哥 "," 纪录片",9.1,152471,"大海啊，不全是水。"
"香水 / Perfume: The Story of a Murderer / 香水：一个杀人犯的故事 / 香水：一个谋杀犯的故事","汤姆·提克威 Tom Tykwer"," 本·卫肖 Ben Whishaw / 艾伦·瑞克...","2006"," 德国 法国 西班牙 美国 比利时 "," 剧情 犯罪 奇幻",8.5,522205,"一个单凭体香达到高潮的男人。"
"穿越时空的少女 / 時をかける少女 / 跳跃吧！时空少女(台) / Toki o kakeru shôjo","细田守 Mamoru Hosoda"," 仲里依纱 Riisa Naka / 石田卓也 Takuya...","2006"," 日本 "," 剧情 爱情 科幻 动画",8.6,364759,"爱上未来的你。"
"哈利·波特与死亡圣器(上) / Harry Potter and the Deathly Hallows: Part 1 / 哈利波特7：死神的圣物1(港 / 台)","大卫·叶茨 David Yates"," 丹尼尔·雷德克里夫 Daniel Radcliffe...","2010"," 英国 美国 "," 奇幻 冒险",8.5,526024,"最忠于原著的一部。"
"弱点 / The Blind Side / 守护有心人(港) / 攻其不备(台)","约翰·李·汉考克 John Lee Hancock"," 桑德拉·布洛克 Sandra Bu...","2009"," 美国 "," 剧情 家庭 传记 运动",8.7,281185,"拍掉身上的悲伤，从今天开始重新踏上追梦之旅。"
"地球上的星星 / Taare Zameen Par / 心中的小星星(台) / 每一个孩子都是特别的","阿米尔·汗 Aamir Khan"," 达席尔·萨法瑞 Darsheel Safary / 阿...","2007"," 印度 "," 剧情 儿童 家庭",8.9,195053,"天使保护事件始末。"
"我爱你 / 그대를 사랑합니다 / 爱你 / 爱，是一生相伴(台)","秋昌民 Chang-min Choo"," 宋在河 Jae-ho Song / 李顺载 Soon-jae...","2011"," 韩国 "," 剧情 爱情",9,157674,"你要相信，这世上真的有爱存在，不管在什么年纪"
"完美陌生人 / Perfetti sconosciuti / 完美谎情(港) / 波动的信息分享","保罗·格诺维瑟 Paolo Genovese"," 马可·贾利尼 Marco Giallini ...","2016"," 意大利 "," 剧情 喜剧",8.5,502424,"来啊，互相伤害啊！"
