"标题","地点","户型格局","面积","更多信息","关注人数","发布日期","价格(元每平方米)","总价(万元)"
"北大学城水映唐庄上叠别墅带露台满五年","水映唐庄 - 北大学城","4室2厅 "," 145.79平米"," | 南 北 | 简装 | 中楼层(共4层) | 塔楼","122人关注 "," 一年前发布",11798,172
"北龙湖西岸，单价只要八千！附带南北双露台！","琥珀名城 - 汽配大世界","4室3厅 "," 190.75平米"," | 南 | 简装 | 高楼层(共6层) | 板塔结合","66人关注 "," 一年前发布",8074,154
"澜庭2号院精装南北通透双气2房看房业主诚心卖有钥匙","正商华钻澜庭2号院 - 蓝钻商圈","2室1厅 "," 88.41平米"," | 南 北 | 精装 | 中楼层(共32层) | 板塔结合","0人关注 "," 7天以前发布",12782,113
"诚心出售，楼层好，户型方正，满五不唯一","天伦水晶城 - 陈寨","3室2厅 "," 118.87平米"," | 南 | 简装 | 高楼层(共30层) | 板塔结合","1人关注 "," 7天以前发布",11105,132
"南北通透三房，户型好，采光好，离地铁口近","聚龙城 - 黄河南路","3室1厅 "," 131平米"," | 南 北 | 精装 | 低楼层(共22层) | 板楼","0人关注 "," 17天以前发布",18245,239
"简单装修，价格实惠，采光好东边户，南北通风效果好房","领城公园1857 - 南龙湖商圈","3室2厅 "," 117.41平米"," | 南 北 | 简装 | 中楼层(共32层) | 塔楼","0人关注 "," 5天以前发布",7070,83
"东站改善四居室，客厅只观小区景观，好楼层，舒适性好","中豪汇景湾 - 郑州东站","4室2厅 "," 176.43平米"," | 南 北 | 其他 | 中楼层(共26层) | 板塔结合","0人关注 "," 28天以前发布",25506,450
"亚星星苑 4室1厅 南 北","亚星星苑 - 兴华南街","4室1厅 "," 120.94平米"," | 南 北 | 简装 | 中楼层(共34层) | 板塔结合","0人关注 "," 16天以前发布",11990,145
"枫杨外国语旁 大三房 新房没住过人 3房2卫","恒大翡翠华庭 - 高新外国语","3室1厅 "," 128.98平米"," | 南 | 精装 | 中楼层(共26层) | 板楼","0人关注 "," 25天以前发布",14421,186
"正弘高新数码港熙园，精装修，满五年，南北通透好楼层","正弘数码港熙园 - 高新梧桐","3室2厅 "," 119.95平米"," | 南 北 | 精装 | 高楼层(共34层) | 板塔结合","0人关注 "," 22天以前发布",15424,185
"房子满五年 视野开阔 采光很好 中间楼层 不临街不临路","建业城市花园 - 燕庄","4室2厅 "," 176.22平米"," | 南 | 简装 | 中楼层(共6层) | 板楼","2人关注 "," 7个月以前发布",11435,201.5
"199大平层，优质房源！毛坯房随自己心意装修","锦艺国际华都美域 - 热电厂","4室2厅 "," 198.79平米"," | 南 北 | 毛坯 | 高楼层(共33层) | 板塔结合","47人关注 "," 一年前发布",22738,452
"采光佳，总价低，五居室双卫，无贷款，税费低","立体世界 - 黄河南路","5室2厅 "," 112.63平米"," | 西北 | 简装 | 中楼层(共17层) | 板楼","37人关注 "," 一年前发布",22020,248
"建业三期复式带露台 露台100平 洋房顶楼复式带露台","建业城市花园 - 燕庄","7室2厅 "," 286.58平米"," | 南 北 | 精装 | 高楼层(共6层) | 板楼","111人关注 "," 一年前发布",10469,300
"鑫苑名家 电梯挑空大复式 16年新装修 负一层停车场","鑫苑名家 - 北站","5室3厅 "," 307.51平米"," | 南 北 | 精装 | 高楼层(共22层) | 板塔结合","108人关注 "," 一年前发布",13626,419
"郑东新区婚房急售首付18万月供1800拎包入住","东岸曦城 - 白沙","3室1厅 "," 87.36平米"," | 西南 | 精装 | 高楼层(共18层) | 板塔结合","2人关注 "," 27天以前发布",6869,60
"建业品质精装三房，户型方正，价格可谈，业主急售。","建业春天花园二期 - 象湖","3室2厅 "," 122.15平米"," | 南 | 精装 | 低楼层(共26层) | 板楼","0人关注 "," 18天以前发布",13672,167
"地铁口，顶楼复式，业住盖一间房","龙泊圣地澜岸 - 南龙湖商圈","2室2厅 "," 51.88平米"," | 南 北 | 简装 | 高楼层(共4层) | 板楼","3人关注 "," 19天以前发布",6843,35.5
"纯南户型，三房，地铁口，急急急售","浩创悦城 - 航空港商圈","3室1厅 "," 86.76平米"," | 东南 | 毛坯 | 低楼层(共11层) | 板楼","0人关注 "," 18天以前发布",5475,47.5
"好楼层，户型好，双卫，业主诚心出售。","华南城中园 - 航空港商圈","3室2厅 "," 117.81平米"," | 西 | 毛坯 | 中楼层(共33层) | 板楼","0人关注 "," 13天以前发布",7385,87
"12年双气新小区，小区环境好，装修好","山顶御鑫城 - 北站","1室0厅 "," 55.71平米"," | 西 | 简装 | 中楼层(共29层) | 板楼","0人关注 "," 7天以前发布",9335,52
"立体世界 满五年 楼层位置佳 随时看房 业主诚意出售","立体世界 - 黄河南路","2室1厅 "," 50.86平米"," | 南 | 简装 | 中楼层(共18层) | 板塔结合","0人关注 "," 10天以前发布",21628,110
"金悦府 精装三房，满五年唯一，楼层好，业主诚意出售","华启金悦府 - 郑州东站","3室2厅 "," 133.81平米"," | 南 | 精装 | 中楼层(共33层) | 板楼","0人关注 "," 10天以前发布",24289,325
"满五唯一 精装修 近地铁 小区楼 王大四房 宽阔视野","正商新蓝钻A区 - 幸福港湾","4室2厅 "," 153.91平米"," | 南 北 | 精装 | 高楼层(共26层) | 塔楼","0人关注 "," 8天以前发布",16764,258
"2013年，双气精装修，景观房70万急急急","恒升府第 - 北站","2室1厅 "," 59.14平米"," | 东 北 | 精装 | 高楼层(共23层) | 塔楼","1人关注 "," 7天以前发布",11837,70
"郑东新区 象湖 雅居乐五房 采光好 视野开阔 看房方便","雅居乐国际花园西苑 - 象湖","5室2厅 "," 145.98平米"," | 南 北 | 精装 | 高楼层(共26层) | 板楼","50人关注 "," 10个月以前发布",13564,198
"此房满五年，南北通，格局好，楼层视野舒适","山顶御鑫城 - 北站","4室2厅 "," 201.56平米"," | 南 | 毛坯 | 高楼层(共33层) | 板楼","5人关注 "," 一年前发布",13743,277
"近地铁，小三房朝南户型，70年产权，可拎包入住","金立方 - 南龙湖商圈","3室1厅 "," 77平米"," | 南 | 精装 | 高楼层(共15层) | 板楼","64人关注 "," 一年前发布",5650,43.5
"三环内 低容率 双气人车分流 品质社区 环境好绿化高","中海锦苑 - 省中医院","3室2厅 "," 88.46平米"," | 南 | 精装 | 中楼层(共27层) | 板塔结合","3人关注 "," 4个月以前发布",20349,180
"法式别墅户型好，地上三层地下一层有车位，有院子","新尚轩辕湖 - 新郑城区","4室2厅 "," 247.2平米"," | 南 北 | 毛坯 | 低楼层(共3层) | 暂无数据","0人关注 "," 3个月以前发布",12945,320
"政法委家属院 1楼 双气 73中","桐柏南路56号 - 儿童公园","4室2厅 "," 206.25平米"," | 南 | 简装 | 低楼层(共7层) | 板楼","11人关注 "," 5个月以前发布",9382,193.5
"绕城高速豫龙站 金地一级物业 郑州一中加持","金地格林小城 - 荥阳城区","3室2厅 "," 89.35平米"," | 西 | 精装 | 中楼层(共34层) | 板楼","0人关注 "," 1个月以前发布",8059,72
"地铁一号线，前边无遮挡三房，采光充足","谦祥万和城二期 - 高新新郑大","3室2厅 "," 88.45平米"," | 南 | 简装 | 低楼层(共34层) | 板楼","32人关注 "," 7个月以前发布",11171,98.8
"南北通透，精装修拎包入住，采光好视野佳，环境好","亚星盛世雅居 - 二七万达","3室2厅 "," 115.53平米"," | 南 北 | 精装 | 高楼层(共33层) | 板塔结合","19人关注 "," 7个月以前发布",16836,194.5
"大学路地铁7号线南北通透小三室精装现房","鑫苑鑫家东苑 - 万客来","3室2厅 "," 89.8平米"," | 南 北 | 精装 | 高楼层(共27层) | 板塔结合","52人关注 "," 5个月以前发布",10646,95.6
"一梯两户11层小高层，得房率高，一个房间不算房本面积","浩创梧桐郡 - 南龙湖商圈","3室2厅 "," 79.93平米"," | 南 | 精装 | 中楼层(共11层) | 板塔结合","4人关注 "," 3个月以前发布",9634,77
"房子户型好，楼层好，格局方正，诚心出售！","汇泉城一号院 - 常西湖","3室2厅 "," 88.4平米"," | 南 | 简装 | 中楼层(共34层) | 板塔结合","12人关注 "," 4个月以前发布",9503,84
"万达旁三房 小高层中间楼层 采光充足 诚心出售","海悦华庭 - 二七万达","3室2厅 "," 89.17平米"," | 南 | 精装 | 中楼层(共18层) | 板塔结合","17人关注 "," 9个月以前发布",13346,119
"诚 售 高新区管委会家属院洋房","锦绣苑 - 高新公园道","3室2厅 "," 138平米"," | 南 北 | 精装 | 低楼层(共7层) | 板塔结合","1人关注 "," 2个月以前发布",17827,246
"大学路地铁口，万科精装修，品质小区","万科大都会天悦苑 - 橄榄城","3室2厅 "," 88.74平米"," | 南 | 精装 | 高楼层(共34层) | 板塔结合","13人关注 "," 3个月以前发布",11044,98
"正商品质 南北通透 双气大三房 业主诚心出售","正商幸福港湾B区 - 幸福港湾","3室2厅 "," 122.21平米"," | 南 北 | 精装 | 低楼层(共34层) | 塔楼","173人关注 "," 一年前发布",9738,119
"关虎屯双气电梯大四房，交通便利，配套成熟，地段好","关虎屯小区 - 花园路","4室2厅 "," 160.63平米"," | 南 | 简装 | 低楼层(共14层) | 板塔结合","7人关注 "," 3个月以前发布",8094,130
"满五唯一、精装修拎包入住、采光户型好","橄榄城伍号院 - 橄榄城","3室1厅 "," 88.76平米"," | 东南 | 精装 | 低楼层(共26层) | 板塔结合","3人关注 "," 1个月以前发布",11830,105
"正弘，贾鲁河畔，边户，毛坯，总高11层，83%得房率","正弘澜庭叙A区 - 北大学城","3室1厅 "," 135平米"," | 南 北 | 毛坯 | 低楼层(共16层) | 板楼","3人关注 "," 1个月以前发布",15926,215
"位置好，楼层好，采光无忧，业主诚心出售","东方港湾 - 郑州东站","3室2厅 "," 104.84平米"," | 东 | 简装 | 高楼层(共26层) | 板楼","9人关注 "," 4个月以前发布",19077,200
"此房步梯低楼层，出行方便，四室两厅一卫，采光充足","祥和一街 - 新郑城区","4室2厅 "," 127.96平米"," | 南 北 | 简装 | 中楼层(共5层) | 板楼","0人关注 "," 1个月以前发布",3322,42.5
"多层洋房 带阳台+露台20多平， 满5年","怡丰森林湖南区 - 北大学城","3室2厅 "," 99.83平米"," | 南 | 毛坯 | 低楼层(共6层) | 板塔结合","33人关注 "," 一年前发布",9016,90
"电梯小洋房，满五无差额无贷采光视野好，有钥匙随时看","清华大溪地3号院 - 荥阳城区","3室2厅 "," 130.46平米"," | 东 南 西 | 精装 | 中楼层(共5层) | 暂无数据","20人关注 "," 6个月以前发布",6516,85
"单价9100，买现房，南北通透大三室","汇泉城一号院 - 常西湖","3室2厅 "," 124.27平米"," | 南 北 | 其他 | 高楼层(共34层) | 板楼","6人关注 "," 1个月以前发布",9094,113
"大学路地铁口，泰宏少有边户小三房，户型好视野好。","泰宏建业国际城11号院 - 万客来","3室2厅 "," 89.82平米"," | 南 北 | 精装 | 高楼层(共32层) | 板塔结合","6人关注 "," 3个月以前发布",11802,106
"三环内，双气双卫 2006年 带大露 台 产权清晰，急卖","思达大河春天B区 - 绿茵广场","3室2厅 "," 120.02平米"," | 南 | 简装 | 6层 | 板楼","8人关注 "," 2个月以前发布",11582,139
"纯洋房社区，精装，家电家具全，急卖，","玫瑰郡 - 南龙湖商圈","3室2厅 "," 137.76平米"," | 南 | 精装 | 中楼层(共11层) | 板塔结合","3人关注 "," 2个月以前发布",7622,105
"滨河帝城，双气小区，采光充足视野宽阔，配套设施齐全","滨河帝城 - 新郑城区","4室2厅 "," 153.58平米"," | 东 南 | 精装 | 中楼层(共6层) | 板楼","16人关注 "," 一年前发布",4428,68
"业主诚心出售 全明户型 看房方便 交通便利","锦艺国际华都博郡 - 热电厂","3室1厅 "," 88.2平米"," | 南 | 精装 | 中楼层(共33层) | 板塔结合","0人关注 "," 2个月以前发布",14173,125
"经二路丰产路 邮政单位家属院 中间楼层 带电梯","经二路北29号院 - 财富广场","3室2厅 "," 145.25平米"," | 南 北 | 精装 | 中楼层(共30层) | 塔楼","3人关注 "," 3个月以前发布",10878,158
"东区 黄河南路一号线地铁口 省府旁 板式楼 中间楼层","大地东方名都 - 黄河南路","3室2厅 "," 146.87平米"," | 南 北 | 精装 | 中楼层(共19层) | 板塔结合","10人关注 "," 3个月以前发布",19065,280
"南苑 中上好楼层 光线好 精装 三房 不临路 有车位","正弘·蓝堡湾Ⅱ - 文博广场","3室2厅 "," 125.5平米"," | 南 北 | 精装 | 高楼层(共32层) | 板塔结合","6人关注 "," 4个月以前发布",27889,350
"方圆经纬精装小三房 满五唯一 中间楼层 诚心出售","方圆经纬社区 - 王府井","3室2厅 "," 85.71平米"," | 南 北 | 精装 | 中楼层(共31层) | 板塔结合","64人关注 "," 一年前发布",15751,135
"158万118平双卫大三房人车分流 业主急卖 棉纺路无二","惠众西城一品 - 热电厂","3室2厅 "," 118.57平米"," | 东南 | 精装 | 高楼层(共33层) | 板塔结合","52人关注 "," 一年前发布",13326,158
"急售 满五唯一 中间楼层 精装修","祝福红城三期 - 高新梧桐","3室2厅 "," 88.64平米"," | 南 | 精装 | 中楼层(共34层) | 板塔结合","10人关注 "," 4个月以前发布",11508,102
"地铁口 正商大四房 147平173万 南北通透方正 满五年","正商城和园1号院 - 正商城","4室2厅 "," 147.47平米"," | 南 北 | 其他 | 低楼层(共33层) | 塔楼","53人关注 "," 一年前发布",11718,172.8
"永威品质，环境优美，户型合理，院内配有水系景观","永威枫香庭东院 - 蓝钻商圈","3室1厅 "," 87.49平米"," | 南 西南 | 精装 | 低楼层(共31层) | 板楼","1人关注 "," 1个月以前发布",14631,128
"全明户型，全天采光无遮挡，好楼层，近地铁，","绿都紫荆华庭雅园 - 橄榄城","3室2厅 "," 100.34平米"," | 东南 | 简装 | 中楼层(共22层) | 板楼","1人关注 "," 1个月以前发布",14302,143.5
"近地铁，楼层好，视野宽阔，位置佳，交通便利，","绿都紫荆华庭雅园 - 橄榄城","3室2厅 "," 99.1平米"," | 西南 | 精装 | 低楼层(共34层) | 板楼","1人关注 "," 2个月以前发布",14430,143
"南北通户型，全新毛坯，诚心出售，方便看房","汇泉城5号院 - 常西湖","3室2厅 "," 108.6平米"," | 南 北 | 毛坯 | 高楼层(共24层) | 板楼","18人关注 "," 6个月以前发布",9209,100
"东区 省府旁 黄河南路一号线地铁口一梯两户满五年","大地东方名都 - 黄河南路","3室2厅 "," 138.64平米"," | 南 北 | 精装 | 中楼层(共11层) | 板塔结合","11人关注 "," 5个月以前发布",18466,256
"368万包含家具家电，蓝堡湾二期中间楼层，","正弘·蓝堡湾Ⅱ - 文博广场","3室2厅 "," 141.55平米"," | 南 北 | 精装 | 高楼层(共32层) | 板楼","2人关注 "," 4个月以前发布",25998,368
"保利永威西溪花园，精装双气3房！","保利永威西溪花园 - 高新梧桐","3室2厅 "," 88.45平米"," | 南 北 | 精装 | 中楼层(共34层) | 板楼","8人关注 "," 3个月以前发布",15263,135
"大溪地十五号院，小两房，郑西一中，商隐路地铁口","清华大溪地十五号院 - 荥阳城区","2室2厅 "," 74.14平米"," | 南 | 毛坯 | 中楼层(共32层) | 板楼","1人关注 "," 6个月以前发布",6205,46
"此房满五不唯一，电梯双气，业主铺的是地暖，和..","锦绣佳园 - 荥阳城区","3室2厅 "," 124.58平米"," | 西 | 简装 | 低楼层(共11层) | 板塔结合","32人关注 "," 一年前发布",5057,63
"80多平私家大露台 南北通透四房 看房随时 诚心出售","美景天城 - 世纪欢乐园","4室1厅 "," 118.68平米"," | 南 北 | 精装 | 低楼层(共18层) | 板楼","39人关注 "," 4个月以前发布",12218,145
"清水苑发改委家属院，别墅区，电梯洋房，诚心出售。","清水苑 - 鸿园片区","4室2厅 "," 153平米"," | 南 北 | 毛坯 | 中楼层(共7层) | 板楼","148人关注 "," 一年前发布",14380,220
"洋房大三室，户型好。采光好，通风效果好公摊小","金地格林小城 - 荥阳城区","3室1厅 "," 113.34平米"," | 南 | 毛坯 | 中楼层(共7层) | 板楼","13人关注 "," 11个月以前发布",7853,89
"郑东新区 雅居乐花园80万装大五房 带车位 诚心出售","雅居乐国际花园西苑 - 象湖","5室2厅 "," 145.91平米"," | 南 北 | 精装 | 中楼层(共26层) | 板楼","5人关注 "," 1个月以前发布",16792,245
"高铁旁 精装三室 楼层好 位置好 税费正常 拎包入住","新里卢浮公馆二期 - 郑州东站","3室1厅 "," 92.07平米"," | 西 | 精装 | 低楼层(共34层) | 板楼","11人关注 "," 3个月以前发布",17596,162
"报业集团家属院 厅级领导楼 楼中 不临街","东瑞园 - 郑州东站","6室2厅 "," 274.38平米"," | 南 北 | 精装 | 高楼层(共18层) | 板塔结合","28人关注 "," 4个月以前发布",17494,480
"二七万达，配套成熟，诚心出售，装修保持好，拎包入住","省会高教生活南区 - 二七万达","3室2厅 "," 121.44平米"," | 南 | 精装 | 高楼层(共6层) | 板楼","27人关注 "," 8个月以前发布",10541,128
"大三房 户型方正 小区高低配低容积","永丰乐城 - 南龙湖商圈","3室2厅 "," 117.79平米"," | 南 北 | 毛坯 | 低楼层(共30层) | 板楼","11人关注 "," 一年前发布",7641,90
"金二环、人车分流、双气、地铁口、洋房新小区！","阳光城8号院 - 阳光城","4室2厅 "," 165.34平米"," | 南 北 | 毛坯 | 7层 | 板楼","0人关注 "," 1个月以前发布",21471,355
"经典小三房，双气地暖业主诚心出售看房方便","建业运河上院 - 邙山","3室2厅 "," 86.9平米"," | 南 北 | 毛坯 | 中楼层(共14层) | 板楼","0人关注 "," 2个月以前发布",10472,91
"北三环福彩路满五唯一多层2楼有20平米地下室一梯两户","人和花园 - 北站","4室2厅 "," 173.19平米"," | 南 北 | 简装 | 低楼层(共6层) | 板楼","52人关注 "," 一年前发布",11895,206
"中间楼栋，中间楼层，精装双气 ，通透户型，诚信出售","中海锦苑 - 省中医院","3室2厅 "," 88.52平米"," | 南 北 | 精装 | 中楼层(共27层) | 板楼","4人关注 "," 4个月以前发布",20335,180
"精装三房 满五唯一 诚心出售 出行方便","汇泉城一号院 - 常西湖","3室2厅 "," 87.22平米"," | 南 | 简装 | 高楼层(共34层) | 暂无数据","9人关注 "," 一年前发布",9746,85
"亚星江南小镇一楼带院 户型方正全明户型 150平大院子","亚星江南小镇 - 上街区","3室2厅 "," 112.8平米"," | 南 北 | 毛坯 | 低楼层(共24层) | 板塔结合","52人关注 "," 4个月以前发布",4947,55.8
"南北通四叶草户型，中间楼层，采光好","财信圣堤亚纳小区 - 黄河南路","3室1厅 "," 137.13平米"," | 南 北 | 毛坯 | 中楼层(共34层) | 板楼","4人关注 "," 1个月以前发布",18158,249
"北三环内，10年双气，电梯三房，朝南，精装，满五年","正弘春晓 - 绿茵广场","3室1厅 "," 96.86平米"," | 南 | 精装 | 33层 | 塔楼","1人关注 "," 1个月以前发布",11326,109.7
"曼哈顿经典三室，户型方正，一号线地铁口，满五唯一","曼哈顿 - 燕庄","3室2厅 "," 138平米"," | 南 | 简装 | 高楼层(共32层) | 板塔结合","39人关注 "," 3个月以前发布",12682,175
"原始户型，采光时间长，主卧室和客厅带有朝大阳台","银基王朝 - 燕庄","5室2厅 "," 220.57平米"," | 南 北 | 精装 | 高楼层(共29层) | 板塔结合","34人关注 "," 10个月以前发布",15868,350
"正商智慧城多层洋房一楼带前后院，带地下室","正商智慧城博园 - 橄榄城","3室2厅 "," 145.63平米"," | 南 北 | 毛坯 | 低楼层(共7层) | 板塔结合","12人关注 "," 一年前发布",14764,215
"朝南大三房，户型方正采光好，拎包入住房东心诚","恒大名都 - 科技市场","3室2厅 "," 140.1平米"," | 南 | 精装 | 32层 | 板楼","2人关注 "," 1个月以前发布",18273,256
"地铁口、精装带地暖、好楼层、纯边户，业主诚心出售","观澜郡 - 南龙湖商圈","4室2厅 "," 121.04平米"," | 南 北 | 精装 | 中楼层(共18层) | 板楼","6人关注 "," 一年前发布",7519,91
"万达双地铁2008年双气大三房不是顶楼 无抵押过户快","富华花苑 - 二七万达","3室2厅 "," 114.8平米"," | 南 | 简装 | 高楼层(共6层) | 板楼","80人关注 "," 6个月以前发布",8189,94
"紧 邻 东区 两梯两户双气大四房 业主诚心出售","非常国际 - 枣庄","4室2厅 "," 207.15平米"," | 南 北 | 简装 | 中楼层(共24层) | 板楼","4人关注 "," 6个月以前发布",16655,345
"地铁口，公园旁，配套齐全，通透边户，急","正弘中央公园林语苑 - 航空港商圈","3室1厅 "," 124.67平米"," | 南 北 | 毛坯 | 低楼层(共23层) | 板楼","5人关注 "," 8个月以前发布",7380,92
"惠济区第壹 地tie旁 奢华四室 人车分流 给车位！！","绿地璀璨天城 - 省体育中心","4室2厅 "," 140.68平米"," | 南 北 | 毛坯 | 低楼层(共34层) | 板楼","2人关注 "," 4个月以前发布",11942,168
"民航路地铁口 此房满五唯一 通透格局 视野开阔 采光足","名门世家 - 燕庄","3室2厅 "," 175.49平米"," | 南 | 精装 | 低楼层(共25层) | 板楼","13人关注 "," 一年前发布",15671,275
"文博西路25号院 标准一室一厅 无抵押","正弘数码公寓 - 文博广场","1室0厅 "," 40.6平米"," | 西 北 | 精装 | 低楼层(共32层) | 板塔结合","0人关注 "," 29天以前发布",19459,79
"北郡一期大三房 硬装花了28万 精装修 看房效果好","北郡一期 - 惠济万达","3室1厅 "," 113.81平米"," | 南 | 精装 | 中楼层(共18层) | 板塔结合","0人关注 "," 27天以前发布",14586,166
"金水湾二期 河景房 满二 业主诚心出售","锦艺金水湾观源苑 - 惠济万达","3室2厅 "," 86.44平米"," | 南 西 北 | 精装 | 中楼层(共34层) | 板塔结合","0人关注 "," 27天以前发布",16775,145
"此房源满五年，有空中大花园,业主诚心出售","曼哈顿 - 燕庄","3室2厅 "," 147.11平米"," | 南 | 精装 | 低楼层(共30层) | 板塔结合","2人关注 "," 29天以前发布",11896,175
"富田太阳城三期 1室1厅 北","富田太阳城三期 - 世纪欢乐园","1室1厅 "," 56.52平米"," | 北 | 简装 | 中楼层(共28层) | 塔楼","0人关注 "," 29天以前发布",7962,45
"复式6.5米挑空，带37平大露台，装修保养好","开元丽城 - 二七万达","5室2厅 "," 226.12平米"," | 南 | 精装 | 高楼层(共7层) | 板楼","27人关注 "," 5个月以前发布",7828,177
"复式带露台 精装修 满五年 诚心出售","东方明珠 - 燕庄","7室2厅 "," 218平米"," | 南 | 精装 | 高楼层(共6层) | 板楼","78人关注 "," 一年前发布",7753,169
"陇东新八栋，2号线地铁，满五唯一税费少，急售","陇东小区 - 商代遗址","2室1厅 "," 77.63平米"," | 南 | 简装 | 高楼层(共7层) | 板楼","1人关注 "," 8天以前发布",8760,68
"此房满五不唯一，户型格局很好，小区环境好","美景天城 - 世纪欢乐园","1室1厅 "," 36.69平米"," | 西 | 简装 | 高楼层(共30层) | 塔楼","0人关注 "," 9天以前发布",8586,31.5
"地铁口 新鑫花园 带阁楼 带露台 精装修满五唯一有电梯","新鑫花园(金水) - 燕庄","3室2厅 "," 114.63平米"," | 南 | 精装 | 高楼层(共7层) | 板塔结合","32人关注 "," 6个月以前发布",12650,145
"中装朝南一室一厅，税费嘎嘎清晰，中楼层随时笑等约谈","鑫苑世家 - 文博广场","1室1厅 "," 52.97平米"," | 南 | 精装 | 中楼层(共15层) | 塔楼","0人关注 "," 11天以前发布",24543,130
"电梯大两房无抵押 高层采光无遮挡，视野开阔","大观国际居住区北区 - 燕庄","2室1厅 "," 106.74平米"," | 南 北 | 精装 | 高楼层(共34层) | 板塔结合","0人关注 "," 28天以前发布",16208,173
"近紫荆山公园 中楼层两室 诚心出售 看房方便","司家庄西街2号院 - 紫荆山公园","2室1厅 "," 65.66平米"," | 南 | 简装 | 中楼层(共5层) | 板楼","0人关注 "," 10天以前发布",7768,51
"宏光双气，两梯四户双卫大三居，比样板间装修标准好！","宏光合园 - 恒大绿洲","3室2厅 "," 112.99平米"," | 南 | 精装 | 高楼层(共32层) | 板塔结合","4人关注 "," 8天以前发布",11948,135
"点：此房满五唯一，好楼层，户型方正，采光无遮挡","联创佳苑 - 橄榄城","2室1厅 "," 68.53平米"," | 南 北 | 简装 | 高楼层(共17层) | 板楼","1人关注 "," 10天以前发布",9485,65
"和昌湾景国际 朝南大两房 格局方正 业主诚心出售","和昌湾景国际 - 儿童公园","2室2厅 "," 81.58平米"," | 南 | 简装 | 中楼层(共34层) | 板塔结合","0人关注 "," 10天以前发布",12504,102
"拎包入住的千亩大盘好房，双气，精装修，都是品牌家装","正商智慧城博园 - 橄榄城","3室2厅 "," 89.79平米"," | 南 | 精装 | 中楼层(共30层) | 板塔结合","1人关注 "," 21天以前发布",9244,83
"满五唯一，无户口无抵押看房随时","北云鹤花园 - 北站","3室2厅 "," 148.35平米"," | 南 北 | 精装 | 中楼层(共7层) | 板楼","39人关注 "," 一年前发布",10449,155
"地铁航海广场站100米 南北通透三室 多层小区 中间楼层","正商金色港湾 - 蓝钻商圈","3室2厅 "," 138.31平米"," | 南 北 | 精装 | 低楼层(共6层) | 塔楼","60人关注 "," 一年前发布",8966,124
"省医旁 精装双气大3房，五层采光好，业主诚心卖。","东明路北189号 - 财富广场","3室2厅 "," 147平米"," | 南 | 精装 | 高楼层(共6层) | 板楼","10人关注 "," 7个月以前发布",8164,120
"地铁口精装修装修，装修花了一百万大四房。","天地湾晴苑 - 北大学城","4室2厅 "," 147.1平米"," | 南 北 | 精装 | 中楼层(共11层) | 板塔结合","2人关注 "," 1个月以前发布",16724,246
"裕华美欣 3室2厅 南 北","裕华美欣 - 省体育中心","3室2厅 "," 95.21平米"," | 南 北 | 精装 | 高楼层(共27层) | 板楼","22人关注 "," 10个月以前发布",8718,83
"荐漏房源，业主急售，一环边五号线地铁口，精装大三房","瑞隆城 - 沙口路","3室2厅 "," 112.67平米"," | 南 北 | 精装 | 中楼层(共30层) | 板楼","57人关注 "," 5个月以前发布",13757,155
"玉兰谷精装修三房 户型方正 视野开阔 诚心出售","正商玉兰谷达园 - 邙山","3室2厅 "," 115.36平米"," | 南 北 | 精装 | 高楼层(共18层) | 板塔结合","1人关注 "," 6个月以前发布",9709,112
"南北通透四房 门口入户花园20平方不在房本面积","绿洲花园1号院 - 五龙口","4室2厅 "," 157.38平米"," | 南 北 | 精装 | 11层 | 板塔结合","25人关注 "," 一年前发布",9976,157
"多层复式 带楼台 公摊小 近地铁","正商金色港湾 - 蓝钻商圈","4室2厅 "," 161.58平米"," | 南 | 简装 | 高楼层(共7层) | 板楼","70人关注 "," 8个月以前发布",7922,128
"此房满五唯一，房间布局合理，格局南北通透，中等装修","万达3号院 - 二七万达","3室1厅 "," 108.5平米"," | 南 北 | 简装 | 33层 | 板塔结合","3人关注 "," 3个月以前发布",15577,169
"全屋定制精装修没住过，看房方便产权清晰","朗悦公园道1号玺园 - 高新公园道","3室2厅 "," 88.62平米"," | 南 | 精装 | 中楼层(共34层) | 板塔结合","1人关注 "," 1个月以前发布",18394,163
"房子南北通透，业主诚心卖，价位合适","正商智慧城博园 - 橄榄城","3室2厅 "," 126.71平米"," | 南 北 | 毛坯 | 低楼层(共30层) | 板塔结合","30人关注 "," 一年前发布",7577,96
"家属院一楼可停车绿化高得房率高好房子","劳动厅家属院 - 未来大厦","3室2厅 "," 105.78平米"," | 南 | 简装 | 低楼层(共6层) | 板楼","25人关注 "," 一年前发布",14843,157
"位置好 单价低两房 配套好 交通便利","塔湾西街一号院 - 商代遗址","2室1厅 "," 80.93平米"," | 南 北 | 简装 | 中楼层(共5层) | 暂无数据","1人关注 "," 3个月以前发布",8156,66
"南北通透的 大三房 户型好 采光好","金科城壹号院 - 高新梧桐","3室2厅 "," 122.85平米"," | 西 北 南 | 毛坯 | 低楼层(共34层) | 塔楼","0人关注 "," 2个月以前发布",19374,238
"地铁口、中间楼层、双气小三房、满五唯一、诚心出售","谦祥万和城二期 - 高新新郑大","3室2厅 "," 87平米"," | 东南 | 简装 | 低楼层(共34层) | 板楼","3人关注 "," 2个月以前发布",11495,100
"象湖省府旁 纯电梯多层洋房 一梯两户南北通透","宁馨苑小区 - 象湖","5室3厅 "," 233.32平米"," | 南 北 | 毛坯 | 高楼层(共6层) | 板楼","45人关注 "," 一年前发布",9515,222
"永威迎宾府 满五唯一 精装大三室 拎包入住","永威迎宾府 - 北大学城","3室2厅 "," 137.21平米"," | 西 | 精装 | 中楼层(共18层) | 塔楼","0人关注 "," 1个月以前发布",17128,235
"中海锦苑，无遮挡，看房方便，装修花费36万，产权清晰","中海锦苑 - 省中医院","3室2厅 "," 88.74平米"," | 南 | 精装 | 中楼层(共27层) | 板楼","24人关注 "," 7个月以前发布",22538,200
"泰宏建业 品质小区 陇西 人车分流 急售","泰宏建业国际城16号院 - 万客来","3室2厅 "," 93.19平米"," | 东 | 精装 | 高楼层(共32层) | 板楼","52人关注 "," 一年前发布",12234,114
"城市山水 南北户型 采光全天 无遮挡 没有贷款 诚心卖","城市山水 - 兴华南街","3室2厅 "," 129.84平米"," | 南 北 | 简装 | 低楼层(共28层) | 板塔结合","11人关注 "," 一年前发布",12708,165
"品质小区万科物业 房本 在手","万科城雅梅苑 - 高新万科","3室2厅 "," 89.15平米"," | 南 北 | 精装 | 低楼层(共34层) | 板楼","7人关注 "," 一年前发布",11554,103
"精装大三居自住北门出去是建6小双地铁近","紫韵丽园 - 中原万达","3室1厅 "," 117.11平米"," | 北 南 | 精装 | 低楼层(共34层) | 板楼","45人关注 "," 7个月以前发布",11443,134
"正弘城 地铁口 百万精装带地暖 河景房 楼间距百米","正弘·蓝堡湾Ⅱ - 文博广场","4室2厅 "," 196.91平米"," | 南 | 精装 | 低楼层(共31层) | 板塔结合","9人关注 "," 7个月以前发布",28948,570
"东边户全明3室，通风采光好，新小区人车分流","金科城壹号院 - 高新梧桐","3室2厅 "," 86.32平米"," | 南 北 | 毛坯 | 高楼层(共34层) | 塔楼","2人关注 "," 2个月以前发布",18768,162
"和昌澜景 不临高架 精装修 楼层好 采光充足","和昌澜景 - 儿童公园","3室1厅 "," 89.38平米"," | 南 | 简装 | 高楼层(共27层) | 板塔结合","8人关注 "," 8个月以前发布",13762,123
"双地铁满五年，产权清晰，无抵押 无贷款，过户交易快","汇鑫小区 - 二七万达","3室2厅 "," 140.75平米"," | 南 北 东 | 简装 | 中楼层(共7层) | 板楼","27人关注 "," 5个月以前发布",7816,110
"房子有一个车位 满五唯一 北龙湖旁 格局方正","山顶御鑫城 - 北站","4室2厅 "," 173.15平米"," | 北 南 | 简装 | 中楼层(共33层) | 板楼","5人关注 "," 10个月以前发布",14323,248
"北三环 地铁口 精装修 满五不唯一 文三 47","茵悦之声 - 徐寨","4室2厅 "," 143.68平米"," | 南 | 精装 | 高楼层(共11层) | 塔楼","16人关注 "," 一年前发布",13572,195
"低于同户型30W，同户型评分Z高，急售此房，满五唯一","银基王朝三期万和园 - 燕庄","3室1厅 "," 118.77平米"," | 南 | 简装 | 高楼层(共32层) | 板塔结合","39人关注 "," 8个月以前发布",15829,188
"雅居精装朝南三房，满五不唯一，业主诚售，可随时看房","亚星盛世雅居 - 二七万达","3室1厅 "," 88.03平米"," | 南 | 精装 | 低楼层(共28层) | 板塔结合","11人关注 "," 8个月以前发布",15336,135
"18年新小区，双气，双地铁，人车分流","紫韵丽园 - 中原万达","3室2厅 "," 130.74平米"," | 南 | 毛坯 | 中楼层(共34层) | 板楼","67人关注 "," 8个月以前发布",10556,138
"闹中取静，低楼层，园林景观。出门地铁口。","蓝天佳园 - 热电厂","3室2厅 "," 128.34平米"," | 南 北 | 精装 | 低楼层(共7层) | 板楼","4人关注 "," 2个月以前发布",16052,206
"二环内 公园旁 容积低 两梯三户 业主诚心 随时看房","美景天城 - 世纪欢乐园","3室2厅 "," 141.99平米"," | 南 北 | 其他 | 高楼层(共18层) | 板楼","2人关注 "," 2个月以前发布",11410,162
"急售好房满五年小高层紧挨熊儿河畔观景落地大阳台","滨河绿苑 - 燕庄","3室2厅 "," 165.33平米"," | 南 北 | 简装 | 19层 | 板塔结合","1人关注 "," 2个月以前发布",12218,202
"双气电梯洋房 省移动家属院 随时可看房","人和花园 - 北站","4室2厅 "," 164.63平米"," | 南 | 简装 | 中楼层(共6层) | 板楼","33人关注 "," 一年前发布",14882,245
"二环内 美景天城 双气3+1四房 4米挑高大客厅","美景天城 - 世纪欢乐园","4室2厅 "," 123.33平米"," | 南 北 | 简装 | 低楼层(共18层) | 板楼","25人关注 "," 4个月以前发布",12082,149
"精装四房，中间楼层，前后无遮挡","绿都紫荆华庭晴园 - 橄榄城","4室2厅 "," 119.91平米"," | 西 | 精装 | 中楼层(共33层) | 板塔结合","22人关注 "," 一年前发布",16388,196.5
"边户通透三房 全明户型采光好 全新未住过人精装有钥匙","金科城壹号院 - 高新梧桐","3室2厅 "," 86.25平米"," | 南 北 | 精装 | 高楼层(共34层) | 板楼","9人关注 "," 4个月以前发布",19711,170
"露台150+400平双楼台，养花种菜，老幼活动私人院落。","瀚宇天悦一期 - 索凌路北段","4室2厅 "," 131.55平米"," | 南 北 | 精装 | 低楼层(共33层) | 塔楼","27人关注 "," 3个月以前发布",19689,259
"曼哈顿玉米楼旁民航路地铁口复式带露台精装修业主自住","燕寿路7号院 - 未来大厦","4室2厅 "," 144.39平米"," | 南 北 | 其他 | 高楼层(共7层) | 板楼","0人关注 "," 1个月以前发布",12120,175
"全新装修基本没有住过，双气，距离郑州市区比较近","正商智慧城博园 - 橄榄城","3室2厅 "," 89.8平米"," | 南 | 精装 | 中楼层(共30层) | 板塔结合","2人关注 "," 3个月以前发布",9466,85
"金二环航海路双地铁口 南北 精装修大3房","万达3号院 - 二七万达","3室1厅 "," 130.12平米"," | 南 | 精装 | 33层 | 板塔结合","9人关注 "," 7个月以前发布",15832,206
"+24平地下室，金二环地铁口多层大三房，园林社区","正商金色港湾 - 蓝钻商圈","3室2厅 "," 111.16平米"," | 南 北 | 简装 | 中楼层(共7层) | 板楼","146人关注 "," 一年前发布",10076,112
"免费停车，双卫，进出人脸识别，南北通透","江海翠竹苑 - 燕庄","3室2厅 "," 126.82平米"," | 南 北 | 精装 | 中楼层(共7层) | 板楼","89人关注 "," 一年前发布",9699,123
"金水区三环内 东风渠畔 优质精装大三房 南北通透","圣菲城 - 徐寨","3室2厅 "," 149.02平米"," | 南 北 | 精装 | 中楼层(共18层) | 塔楼","27人关注 "," 5个月以前发布",19327,288
"小高层低密度。闹中取静，通透明亮大阳台；有钥匙","圣菲城 - 徐寨","3室2厅 "," 129.51平米"," | 东南 | 简装 | 高楼层(共11层) | 板楼","45人关注 "," 8个月以前发布",18918,245
"真正的河景房，好位置，采光无遮挡","龙之梦东苑 - 北龙湖","5室2厅 "," 198.87平米"," | 南 北 | 毛坯 | 低楼层(共11层) | 板塔结合","24人关注 "," 9个月以前发布",31177,620
"汇宝花园 大三房 业主诚心出售 户型好双地铁","汇宝花园 - 省中医院","3室2厅 "," 142.58平米"," | 南 北 | 简装 | 低楼层(共6层) | 板塔结合","22人关注 "," 一年前发布",12274,175
"万科大都会精装 三房 中间楼层 边向 诚心卖","万科大都会铂悦苑 - 橄榄城","3室2厅 "," 89.53平米"," | 南 北 | 精装 | 中楼层(共34层) | 塔楼","4人关注 "," 3个月以前发布",11393,102
"园林小区，满五唯一，中间楼层，户型方正，南北双阳台","鑫苑名家 - 北站","3室2厅 "," 134.38平米"," | 南 北 | 精装 | 中楼层(共6层) | 板楼","18人关注 "," 3个月以前发布",18456,248
"电梯洋房，7层带阁楼上下两层面积大，随时看房。","颐河原筑小区 - 北大学城","4室2厅 "," 96.81平米"," | 南 | 精装 | 高楼层(共7层) | 板楼","25人关注 "," 6个月以前发布",16321,158
"双气大3房有钥匙121平107W非顶楼","金水花园西区 - 未来大厦","3室2厅 "," 121.56平米"," | 南 北 | 简装 | 高楼层(共7层) | 板楼","33人关注 "," 一年前发布",8803,107
"中州大道 山顶御鑫城 两梯两户 精装双气3房 满五唯一","山顶御鑫城 - 北站","3室2厅 "," 151.07平米"," | 南 北 | 精装 | 中楼层(共33层) | 板楼","43人关注 "," 一年前发布",14497,219
"此房满五不唯一，不临街不临路。","鑫苑中央花园 - 通泰路","3室1厅 "," 127.59平米"," | 南 北 | 精装 | 低楼层(共16层) | 板塔结合","24人关注 "," 一年前发布",20182,257.5
"海马三期 精装修南北通透大三房 业主急售","海马公园三期 - 郑州东站","3室2厅 "," 135.87平米"," | 南 北 | 精装 | 低楼层(共33层) | 板塔结合","26人关注 "," 5个月以前发布",27821,378
"南三环 精装修百万内三房 楼层好 有钥匙看房方便","溪景桂园 - 万客来","3室2厅 "," 117.16平米"," | 南 | 简装 | 低楼层(共26层) | 板楼","1人关注 "," 1个月以前发布",8024,94
"满五年 全款房 精装修 诚心出售","银基王朝4期东南御 - 燕庄","4室2厅 "," 152平米"," | 南 北 | 精装 | 中楼层(共28层) | 塔楼","31人关注 "," 3个月以前发布",19277,293
"曼哈顿旁 家属院 双气三房出售 带个大地下室","金水路9号院附2号院 - 未来大厦","3室2厅 "," 113.65平米"," | 南 | 简装 | 高楼层(共7层) | 板楼","78人关注 "," 一年前发布",8272,94
"金二环电梯洋房，50万精装修，全新规划未来可期。","正商新蓝钻E区 - 蓝钻商圈","3室2厅 "," 137.67平米"," | 南 北 | 精装 | 高楼层(共7层) | 板楼","16人关注 "," 一年前发布",18015,248
"满五唯一 自住精装修 南北通透 中间楼层 业主急售！","谦祥万和城一期 - 高新新郑大","3室2厅 "," 141.39平米"," | 南 北 | 精装 | 中楼层(共34层) | 板楼","32人关注 "," 一年前发布",12024,170
"精装四房，满五唯一，业主急卖，价格可聊","万达公馆 - 文博广场","4室2厅 "," 193.02平米"," | 南 北 | 精装 | 低楼层(共44层) | 板楼","52人关注 "," 一年前发布",26941,520
"此房满五，看房方便，诚心出售，楼层好视野好","正弘·蓝堡湾Ⅱ - 文博广场","3室2厅 "," 124.94平米"," | 南 北 | 精装 | 中楼层(共32层) | 板楼","6人关注 "," 8个月以前发布",29215,365
"小高层 得房率80% 南北通透 双气双地铁 简装 满五年","升龙又一城1号院 - 高新梧桐","3室2厅 "," 89.9平米"," | 南 北 | 简装 | 低楼层(共18层) | 板塔结合","57人关注 "," 8个月以前发布",10679,96
"地铁口 低楼层 看房方便 诚心出售 价格比较低","姚寨省直住宅小区 - 财富广场","3室2厅 "," 104.07平米"," | 南 北 | 简装 | 低楼层(共6层) | 板楼","18人关注 "," 5个月以前发布",10955,114
"多层3楼，房子已经腾空，有钥匙，随时看房。","凤凰城公寓 - 东建材","2室2厅 "," 88.17平米"," | 南 | 简装 | 中楼层(共6层) | 板楼","16人关注 "," 3个月以前发布",8847,78
"金水路 隔壁会展中 心 出行方便 多层有电梯 带露台","新鑫花园(金水) - 燕庄","4室2厅 "," 127.01平米"," | 南 北 | 简装 | 高楼层(共7层) | 板塔结合","25人关注 "," 9个月以前发布",11811,150
"宝天花苑 东明路林科路 双气小高层 一梯两户 采光好","宝天花苑 - 枣庄","3室2厅 "," 149.34平米"," | 南 | 简装 | 高楼层(共11层) | 板楼","146人关注 "," 10个月以前发布",11183,167
"房子满五唯一 视野好 采光充足 看房方便","紫荆花园 - 紫荆山公园","3室2厅 "," 169.31平米"," | 南 北 | 简装 | 高楼层(共6层) | 板楼","23人关注 "," 7个月以前发布",9451,160
"1.5.6三地铁交汇 2楼精装修.次卧露台一个，欢迎品鉴","广发花园 - 未来大厦","3室2厅 "," 129.67平米"," | 南 北 | 精装 | 低楼层(共6层) | 板楼","8人关注 "," 4个月以前发布",12725,165
"海洋馆旁 华瑞紫薇苑 标准三房 11层小高层 全款房","华瑞紫薇苑 - 海洋馆","3室2厅 "," 93.74平米"," | 南 北 | 精装 | 高楼层(共11层) | 板楼","84人关注 "," 一年前发布",13389,125.5
"中方园东区大三房，采光好，业主诚售！","中方园东区 - 陈寨","3室2厅 "," 126平米"," | 南 | 简装 | 中楼层(共7层) | 板楼","22人关注 "," 6个月以前发布",7143,90
"满五唯一，看房方便，有车位，16年双气人车分流小区","中海锦苑 - 省中医院","3室2厅 "," 88.58平米"," | 南 | 简装 | 低楼层(共27层) | 板塔结合","1人关注 "," 2个月以前发布",20321,180
"首付30内买三房 中间楼层全天不挡光","聚福园 - 普罗旺世","3室2厅 "," 98.26平米"," | 南 | 精装 | 高楼层(共11层) | 板塔结合","7人关注 "," 2个月以前发布",7633,75
"蓝堡湾二期 南向两居 诚心出售 看房方便","正弘·蓝堡湾Ⅱ - 文博广场","2室2厅 "," 86.7平米"," | 南 | 简装 | 低楼层(共32层) | 板塔结合","61人关注 "," 一年前发布",21800,189
"满五年 南北通透三房，双地铁口 诚心出售","英协鼎峰 - 燕庄","3室2厅 "," 166.22平米"," | 南 北 东 | 精装 | 低楼层(共31层) | 塔楼","13人关注 "," 6个月以前发布",9717,161.5
"明珠143平边户大三房 业主诚售，总价低，单价低","亚太明珠 - 远大理想城","3室2厅 "," 142.47平米"," | 南 北 | 毛坯 | 中楼层(共24层) | 板楼","45人关注 "," 10个月以前发布",12003,171
"满五唯一，低楼层，业主诚心出售，双卫，大三房。","中华园 - 绿茵广场","3室2厅 "," 114.14平米"," | 南 | 精装 | 低楼层(共7层) | 板楼","3人关注 "," 2个月以前发布",8499,97
"建业路 熊儿河畔 双气洋房带地下室 小区改造停车方便","虹景嘉园 - 燕庄","3室2厅 "," 129.83平米"," | 南 北 | 简装 | 中楼层(共7层) | 板楼","12人关注 "," 8个月以前发布",11169,145
"家园六期 视野开阔 多层中间楼层 南北性好 大三房","亚星盛世家园 - 兴华南街","3室1厅 "," 129.19平米"," | 南 | 精装 | 中楼层(共6层) | 板楼","37人关注 "," 8个月以前发布",12540,162
"橄榄城双气社区，满五唯一，附入户花园，得房率高","橄榄城柏林印象 - 正商城","3室1厅 "," 88.7平米"," | 南 北 | 简装 | 中楼层(共6层) | 板楼","0人关注 "," 1个月以前发布",10711,95
"15年次新小区南北通透大2室，南北双阳台，置换首套房","中力七里湾 - 通泰路","2室2厅 "," 97.21平米"," | 南 北 | 精装 | 高楼层(共26层) | 塔楼","3人关注 "," 2个月以前发布",14608,142
"省医旁 宜家美景 大四室 与郑东新区一路之隔 带电梯","宜家美景小区 - 财富广场","4室2厅 "," 175.43平米"," | 南 东南 | 简装 | 中楼层(共13层) | 塔楼","11人关注 "," 11个月以前发布",11173,196
"次新小区，人车分流，一级物业，服务好，口碑佳！","绿都澜湾樟园 - 橄榄城","3室2厅 "," 85.19平米"," | 南 | 精装 | 高楼层(共34层) | 板塔结合","16人关注 "," 4个月以前发布",14674,125
"小高层 小区中间位置三房 满五年","东方港湾 - 郑州东站","3室2厅 "," 125.21平米"," | 南 北 | 精装 | 中楼层(共18层) | 板塔结合","3人关注 "," 2个月以前发布",20047,251
"诚心出售！无增值无差额，北龙湖精装修大四房","恒大悦龙花园 - 北龙湖","4室2厅 "," 158.45平米"," | 南 北 | 精装 | 中楼层(共25层) | 板塔结合","44人关注 "," 一年前发布",27454,435
"万达3号院中间好楼层小三房，业主诚心急售，价格便宜","万达3号院 - 二七万达","3室1厅 "," 108.94平米"," | 南 | 简装 | 33层 | 板塔结合","6人关注 "," 4个月以前发布",14871,162
"中州大道农业路电梯洋房急售 大社区环境好 停车方便","金成东苑 - 财富广场","3室2厅 "," 147.2平米"," | 南 | 简装 | 高楼层(共7层) | 板楼","10人关注 "," 7个月以前发布",8900,131
"万科洋房；地铁口‘楼层好 采光好！","万科城采薇苑 - 高新万科","3室1厅 "," 121.74平米"," | 南 北 | 精装 | 中楼层(共7层) | 板塔结合","1人关注 "," 3个月以前发布",16183,197
"2号线地铁口 方圆创世 3室精装 电梯双气 带露台","方圆创世 - 紫荆山","3室2厅 "," 84.43平米"," | 南 北 | 精装 | 高楼层(共29层) | 板楼","3人关注 "," 2个月以前发布",13147,111
"三环边 精装修 满五年 看房方便 有钥匙","金富源 - 省体育中心","3室2厅 "," 103.83平米"," | 南 北 | 精装 | 中楼层(共18层) | 塔楼","4人关注 "," 3个月以前发布",9824,102
"南三环，运河旁，中间楼层，双气电梯房","金牛水岸国际花园 - 橄榄城","3室2厅 "," 103.41平米"," | 南 | 简装 | 中楼层(共18层) | 板楼","11人关注 "," 5个月以前发布",9091,94
"紫韵丽园 3室1厅 南","紫韵丽园 - 中原万达","3室1厅 "," 107.49平米"," | 南 | 毛坯 | 低楼层(共33层) | 板楼","2人关注 "," 1个月以前发布",9769,105
"经三路晨旭路 精装双气四室 经典复式 采光视野都不错","恒升府第 - 北站","4室3厅 "," 161.99平米"," | 南 北 | 精装 | 高楼层(共17层) | 板塔结合","33人关注 "," 11个月以前发布",12656,205
"三环双河居毛坯三房业主诚售看房有钥匙","亚星双河居 - 万客来","3室2厅 "," 127.4平米"," | 南 北 | 毛坯 | 低楼层(共33层) | 板楼","1人关注 "," 2个月以前发布",10833,138
"未来路商城路地铁一三六号线 二梯三户 小高层 急售","丰源官邸 - 燕庄","3室2厅 "," 140.65平米"," | 西南 | 简装 | 高楼层(共18层) | 板塔结合","28人关注 "," 7个月以前发布",12229,172
"太极公馆大平层，五室三卫，2+3东大街站，急售","太极公馆（管城区） - 紫荆山","5室2厅 "," 194.63平米"," | 南 | 简装 | 中楼层(共7层) | 板楼","2人关注 "," 1个月以前发布",9506,185
"业主诚心出售，精装修，楼层好。","橄榄城伍号院 - 橄榄城","3室2厅 "," 88.53平米"," | 西南 | 精装 | 26层 | 板塔结合","3人关注 "," 2个月以前发布",11974,106
"品质社区 可观景 全新装修 可拎包入住 双卫","银基王朝三期万和园 - 燕庄","3室2厅 "," 118.74平米"," | 东南 | 精装 | 中楼层(共32层) | 塔楼","25人关注 "," 7个月以前发布",16760,199
"临湖的顶楼复式洋房，毛坯，装修可任意发挥，满二","正商公主湖 - 新郑城区","5室2厅 "," 181.22平米"," | 南 北 | 毛坯 | 高楼层(共7层) | 板楼","3人关注 "," 3个月以前发布",6070,110
"满五，得房率高，小区在卖户型仅 此一套","圣菲城 - 徐寨","3室2厅 "," 79.38平米"," | 南 | 简装 | 中楼层(共18层) | 塔楼","12人关注 "," 5个月以前发布",20157,160
"经三路红旗路，一楼带院（35平）大3房，户型好，即看","经三路北11号院 - 财富广场","3室2厅 "," 129.05平米"," | 南 北 | 简装 | 低楼层(共7层) | 板楼","51人关注 "," 4个月以前发布",10694,138
"精装三房改四房，中楼层，诚心售","正弘旗 - 枣庄","3室2厅 "," 143.34平米"," | 南 北 | 精装 | 高楼层(共24层) | 板塔结合","5人关注 "," 3个月以前发布",15000,215
"万科洋房；地铁口‘楼层好 采光好！","万科城采薇苑 - 高新万科","3室1厅 "," 121.74平米"," | 南 北 | 精装 | 中楼层(共7层) | 板塔结合","1人关注 "," 3个月以前发布",16183,197
"紫韵丽园 3室1厅 南","紫韵丽园 - 中原万达","3室1厅 "," 107.49平米"," | 南 | 毛坯 | 低楼层(共33层) | 板楼","2人关注 "," 1个月以前发布",9769,105
"2号线地铁口 方圆创世 3室精装 电梯双气 带露台","方圆创世 - 紫荆山","3室2厅 "," 84.43平米"," | 南 北 | 精装 | 高楼层(共29层) | 板楼","3人关注 "," 2个月以前发布",13147,111
"保利央企开发，高楼层，楼下就是智通路小XUE","保利罗兰香谷 - 经开物流园区","3室2厅 "," 129.93平米"," | 西南 | 毛坯 | 高楼层(共33层) | 板楼","5人关注 "," 一年前发布",7689,99.9
"太极公馆大平层，五室三卫，2+3东大街站，急售","太极公馆（管城区） - 紫荆山","5室2厅 "," 194.63平米"," | 南 | 简装 | 中楼层(共7层) | 板楼","2人关注 "," 1个月以前发布",9506,185
"经三路晨旭路 精装双气四室 经典复式 采光视野都不错","恒升府第 - 北站","4室3厅 "," 161.99平米"," | 南 北 | 精装 | 高楼层(共17层) | 板塔结合","33人关注 "," 11个月以前发布",12656,205
"保利永威西溪花园 一级物业 温馨小三房 拎包入住","保利永威西溪花园 - 高新梧桐","3室2厅 "," 87.03平米"," | 南 | 精装 | 高楼层(共34层) | 板楼","5人关注 "," 4个月以前发布",12525,109
"诚信出售，交通便利 双气大两房 看房方便","天伦水晶城 - 陈寨","2室2厅 "," 108平米"," | 南 | 精装 | 中楼层(共30层) | 板塔结合","42人关注 "," 一年前发布",10000,108
"大石桥 3号线，双气，多层，能贷款，价格便宜急卖","国税小区 - 火车站","3室2厅 "," 115.2平米"," | 南 北 | 精装 | 中楼层(共7层) | 板楼","0人关注 "," 4个月以前发布",8073,93
"刚降三十一万 出国急 随时看房 首付83万","阳光新城 - 北站","4室2厅 "," 174.79平米"," | 西南 | 精装 | 中楼层(共19层) | 板楼","5人关注 "," 2个月以前发布",16535,289
"润城时光里 次新小区 下沉式花园 中上楼层 诚心出售","润城时光里 - 通泰路","3室2厅 "," 128.25平米"," | 南 北 | 简装 | 高楼层(共25层) | 板楼","3人关注 "," 1个月以前发布",12398,159
"15年次新小区南北通透大2室，南北双阳台，置换首套房","中力七里湾 - 通泰路","2室2厅 "," 97.21平米"," | 南 北 | 精装 | 高楼层(共26层) | 塔楼","3人关注 "," 2个月以前发布",14608,142
"满五唯一，低楼层，业主诚心出售，双卫，大三房。","中华园 - 绿茵广场","3室2厅 "," 114.14平米"," | 南 | 精装 | 低楼层(共7层) | 板楼","3人关注 "," 2个月以前发布",8499,97
"满五唯一，看房方便，有车位，16年双气人车分流小区","中海锦苑 - 省中医院","3室2厅 "," 88.58平米"," | 南 | 简装 | 低楼层(共27层) | 板塔结合","1人关注 "," 2个月以前发布",20321,180
"建业路 熊儿河畔 双气洋房带地下室 小区改造停车方便","虹景嘉园 - 燕庄","3室2厅 "," 129.83平米"," | 南 北 | 简装 | 中楼层(共7层) | 板楼","12人关注 "," 8个月以前发布",11169,145
"房子满五唯一 视野好 采光充足 看房方便","紫荆花园 - 紫荆山公园","3室2厅 "," 169.31平米"," | 南 北 | 简装 | 高楼层(共6层) | 板楼","23人关注 "," 7个月以前发布",9451,160
"南北通透，精装修，大3房，大客厅，户型好","金恒基金帝城 - 中牟城区","3室2厅 "," 150.35平米"," | 南 北 | 精装 | 中楼层(共7层) | 板楼","0人关注 "," 1个月以前发布",5854,88
"此房业主诚心出售，中高楼层，诚心出售，采光好。","曼哈顿 - 燕庄","3室2厅 "," 148.61平米"," | 南 北 | 精装 | 低楼层(共22层) | 板塔结合","16人关注 "," 8个月以前发布",12113,180
"楼层好，采光好，全明户型，无遮挡。","锦艺四季城一期 - 惠济万达","3室2厅 "," 89平米"," | 西 | 毛坯 | 中楼层(共31层) | 塔楼","55人关注 "," 一年前发布",12922,115
"首付30内买三房 中间楼层全天不挡光","聚福园 - 普罗旺世","3室2厅 "," 98.26平米"," | 南 | 精装 | 高楼层(共11层) | 板塔结合","7人关注 "," 2个月以前发布",7633,75
"宝天花苑 东明路林科路 双气小高层 一梯两户 采光好","宝天花苑 - 枣庄","3室2厅 "," 149.34平米"," | 南 | 简装 | 高楼层(共11层) | 板楼","146人关注 "," 10个月以前发布",11183,167
"业主急卖 着急的上火 看房有钥匙 随时看","财信圣堤亚纳小区 - 黄河南路","3室2厅 "," 134.52平米"," | 西 | 简装 | 低楼层(共34层) | 板楼","48人关注 "," 一年前发布",17024,229
"郑东新区三房 2018年次新小区 临着七里河 观景楼层","润城时光里 - 通泰路","3室2厅 "," 111.72平米"," | 南 北 | 简装 | 高楼层(共27层) | 板楼","39人关注 "," 5个月以前发布",14053,157
"一楼带院儿，下沉式复式，从未入住新装修，价格大优惠","怡丰森林湖一期 - 北大学城","4室2厅 "," 90.05平米"," | 南 北 | 精装 | 低楼层(共6层) | 板楼","73人关注 "," 8个月以前发布",14326,129
"一楼带院儿，下沉式复式，从未入住新装修，价格大优惠","怡丰森林湖一期 - 北大学城","4室2厅 "," 90.05平米"," | 南 北 | 精装 | 低楼层(共6层) | 板楼","73人关注 "," 8个月以前发布",14326,129
"满五，得房率高，小区在卖户型仅 此一套","圣菲城 - 徐寨","3室2厅 "," 79.38平米"," | 南 | 简装 | 中楼层(共18层) | 塔楼","12人关注 "," 5个月以前发布",20157,160
"临湖的顶楼复式洋房，毛坯，装修可任意发挥，满二","正商公主湖 - 新郑城区","5室2厅 "," 181.22平米"," | 南 北 | 毛坯 | 高楼层(共7层) | 板楼","3人关注 "," 3个月以前发布",6070,110
"金水路 民航路地铁口100米 ， 双气，环境好 物业好","银基王朝 - 燕庄","3室2厅 "," 161.81平米"," | 南 北 | 精装 | 低楼层(共32层) | 板塔结合","54人关注 "," 一年前发布",16007,259
"满五唯一 中高楼层 不临路 精装修 全天采光 随时看房","财信圣堤亚纳小区 - 黄河南路","3室2厅 "," 104.94平米"," | 南 | 精装 | 高楼层(共34层) | 板楼","14人关注 "," 7个月以前发布",17630,185
"郑东新区三房 2018年次新小区 临着七里河 观景楼层","润城时光里 - 通泰路","3室2厅 "," 111.72平米"," | 南 北 | 简装 | 高楼层(共27层) | 板楼","39人关注 "," 5个月以前发布",14053,157
"远征都市港湾 双气3房 东关 商城遗址公园 诚心出售！","远征都市港湾 - 商代遗址","3室2厅 "," 160.25平米"," | 北 南 | 简装 | 低楼层(共12层) | 板楼","13人关注 "," 10个月以前发布",13791,221
"普罗旺世 南北通透 中间楼位 带车位出售","普罗旺世波特兰 - 普罗旺世","3室1厅 "," 118.29平米"," | 南 北 | 精装 | 高楼层(共34层) | 板塔结合","6人关注 "," 2个月以前发布",15640,185
"满五年唯一 商品房 小高层视野好 业主变现诚心出售","橡树玫瑰城 - 阳光城","3室1厅 "," 90.19平米"," | 东南 | 精装 | 18层 | 板楼","5人关注 "," 1个月以前发布",11643,105
"南区步梯低楼层 简约装修两室边户，南北坐向通透设计","华城铂宫 - 新郑城区","2室2厅 "," 82.38平米"," | 南 | 简装 | 中楼层(共7层) | 暂无数据","0人关注 "," 9天以前发布",5827,48
"理想名家 2室1厅 西","理想名家 - 荥阳城区","2室1厅 "," 74.43平米"," | 西 | 精装 | 高楼层(共6层) | 板楼","0人关注 "," 8天以前发布",5778,43
"三环边地铁口电梯次新小户型户型好","瀚海爱特中心 - 陈寨","1室0厅 "," 59.84平米"," | 北 | 精装 | 高楼层(共29层) | 板楼","0人关注 "," 10天以前发布",8189,49
"小区中间位置 不临街不临路装修一次未住全新代车位","有色地质家园B区 - 白沙","4室2厅 "," 166.83平米"," | 西南 | 精装 | 中楼层(共33层) | 板楼","1人关注 "," 12天以前发布",9591,160
"绿地璀璨天城，78平好楼层，精装两居室，拎包入住","绿地璀璨天城 - 省体育中心","2室2厅 "," 77.37平米"," | 南 | 精装 | 高楼层(共30层) | 塔楼","4人关注 "," 4个月以前发布",13158,101.8
"汉飞城市公园二期 3室2厅 南 北","汉飞城市公园二期 - 汽配大世界","3室2厅 "," 123.59平米"," | 南 北 | 简装 | 中楼层(共6层) | 板楼","11人关注 "," 6个月以前发布",11166,138
"北三环 小高层电梯，一梯两户 南北带精装，急卖","瑞祥如意世家 - 普罗旺世","3室1厅 "," 118.78平米"," | 南 | 精装 | 中楼层(共11层) | 板楼","2人关注 "," 1个月以前发布",11113,132
"业主急售，央企开发商，户型好，看房有钥匙","保利罗兰香谷 - 经开物流园区","4室1厅 "," 156.43平米"," | 南 北 | 毛坯 | 中楼层(共34层) | 板楼","13人关注 "," 10个月以前发布",8822,138
"此房满五不唯一，中间楼层视野开阔采光充足交通便利","绿城百合花园 - 中牟城区","4室2厅 "," 177.8平米"," | 南 北 | 毛坯 | 中楼层(共16层) | 塔楼","7人关注 "," 一年前发布",8156,145
"南北通透户型 小三室精装 家具家电齐全","郑州碧桂园湖光山色 - 荥阳城区","3室2厅 "," 103.83平米"," | 南 北 | 精装 | 高楼层(共18层) | 板塔结合","18人关注 "," 2个月以前发布",5875,61
"金二环一楼带院大两室，户型方正，私人院子，诚心售","东方梦园 - 幸福港湾","2室2厅 "," 85.27平米"," | 南 | 简装 | 低楼层(共6层) | 板楼","8人关注 "," 7个月以前发布",11611,99
"亚太明珠 地铁口 临河大三居 户型方正 视野好","亚太明珠 - 远大理想城","3室2厅 "," 163.64平米"," | 南 | 简装 | 高楼层(共24层) | 板塔结合","1人关注 "," 3个月以前发布",12406,203
"万科山河道旁 三开间朝南 门口带公园 随时看房","正商颖河港湾 - 中原万达","2室2厅 "," 87.98平米"," | 南 | 精装 | 高楼层(共18层) | 塔楼","4人关注 "," 3个月以前发布",11139,98
"市区独院 出行方便 交通便利","毛园街一巷 - 新郑城区","7室2厅 "," 192.01平米"," | 南 北 | 其他 | 低楼层(共2层) | 暂无数据","0人关注 "," 3个月以前发布",4427,85
"春和景明 精装修 四房 诚心出售 看房方便","春和景明 - 中牟城区","4室2厅 "," 130.58平米"," | 西南 | 简装 | 低楼层(共18层) | 塔楼","32人关注 "," 一年前发布",8042,105
"财富大道旁花花牛，地铁8号线800米，中间楼层","花花牛家属院 - 北站","3室1厅 "," 76.54平米"," | 南 | 简装 | 中楼层(共5层) | 板楼","2人关注 "," 3个月以前发布",9799,75
"康桥物业，双卫设计，房屋格局好，采光充足","康桥原溪里 - 南龙湖商圈","3室2厅 "," 118.89平米"," | 南 北 | 毛坯 | 中楼层(共11层) | 板楼","0人关注 "," 1个月以前发布",7150,85
"花园路黄河路双气三房，有钥匙，满五年，地铁2和5号线","黄河路9号院 - 花园路","3室1厅 "," 88.86平米"," | 南 北 | 精装 | 中楼层(共6层) | 板楼","7人关注 "," 1个月以前发布",11142,99
"南北通透大三居 采光无遮挡 业主诚意出售","正弘美林苑 - 航空港商圈","3室2厅 "," 126.89平米"," | 南 北 | 毛坯 | 高楼层(共18层) | 板楼","1人关注 "," 3个月以前发布",7408,94
"永威南樾福苑 3室1厅 南 北","永威南樾福苑 - 航空港商圈","3室1厅 "," 121.28平米"," | 南 北 | 精装 | 高楼层(共18层) | 板楼","8人关注 "," 2个月以前发布",8658,105
"此房全明户型，户型方正，配套设施齐全，交通便利。","恒基水榭华城 - 航空港商圈","3室1厅 "," 115.76平米"," | 南 | 毛坯 | 低楼层(共22层) | 塔楼","6人关注 "," 5个月以前发布",5011,58
"财富大道旁花花牛，地铁8号线800米，中间楼层","花花牛家属院 - 北站","3室1厅 "," 76.54平米"," | 南 | 简装 | 中楼层(共5层) | 板楼","2人关注 "," 3个月以前发布",9799,75
"永威南樾福苑 3室1厅 南 北","永威南樾福苑 - 航空港商圈","3室1厅 "," 121.28平米"," | 南 北 | 精装 | 高楼层(共18层) | 板楼","8人关注 "," 2个月以前发布",8658,105
"拎包入住，豪布斯卡，永辉，银行。公园，","海龙香槟大道 - 荥阳城区","3室1厅 "," 110.35平米"," | 南 北 | 简装 | 中楼层(共26层) | 板塔结合","2人关注 "," 4个月以前发布",5800,64
"精装修总高11层此房中间楼层 人车分流","清华大溪地九号院 - 荥阳城区","3室2厅 "," 125.46平米"," | 南 北 | 简装 | 中楼层(共11层) | 板楼","6人关注 "," 4个月以前发布",6855,86
"褐石街区优质三房，公摊小，业主诚意出售","绿都褐石街区 - 中牟城区","3室1厅 "," 89.03平米"," | 南 北 | 毛坯 | 高楼层(共6层) | 平房","0人关注 "," 1个月以前发布",6964,62
"北龙湖西岸|一楼带院|党校家属院|诚心出售|看房随时","中州大道546号院 - 汽配大世界","3室2厅 "," 175.87平米"," | 南 | 简装 | 低楼层(共5层) | 板楼","0人关注 "," 2个月以前发布",9667,170
"锦绣山河玉华园，精装修两室，满五唯一，现房诚售！","锦绣山河玉华园 - 万客来","2室2厅 "," 78.98平米"," | 南 | 精装 | 高楼层(共33层) | 板楼","33人关注 "," 一年前发布",10130,80
"河南日报家属院，南北通透大两居，户型方正","东瑞园 - 郑州东站","2室1厅 "," 112.97平米"," | 南 北 | 简装 | 低楼层(共11层) | 板塔结合","4人关注 "," 1个月以前发布",18147,205
"此房南北格局,有电梯,采光好,视野开阔,看房方便","鸿盛新城 - 上街区","3室2厅 "," 128.95平米"," | 东 | 简装 | 中楼层(共11层) | 暂无数据","6人关注 "," 4个月以前发布",3568,46
"全明户型，好楼层，经典大三室，采光好，南北通透","豫翠园 - 上街区","3室2厅 "," 138平米"," | 南 北 | 毛坯 | 中楼层(共32层) | 板楼","0人关注 "," 1个月以前发布",3986,55
"京广路航海路，鞋城商圈，小两房，满五年，诚心出售！","新圃西街20号 - 鞋城","2室1厅 "," 59.16平米"," | 东 西 | 毛坯 | 高楼层(共6层) | 板楼","43人关注 "," 7个月以前发布",4733,28
"好装修 永丰乐城幸福里 三房两厅 楼层好 看房方便","永丰乐城幸福里 - 南龙湖商圈","3室2厅 "," 88.24平米"," | 南 | 精装 | 中楼层(共30层) | 板塔结合","2人关注 "," 1个月以前发布",8273,73
"金水区二环内 地铁口20米 带阁楼 户型很好诚心出售","锦隆阳光都市 - 沙口路","2室2厅 "," 94.37平米"," | 南 北 | 精装 | 高楼层(共6层) | 板楼","22人关注 "," 3个月以前发布",8001,75.5
"瀚宇天悦湾一号院 中低楼层 带全款车位 毛坯现房","瀚宇天悦湾1号院 - 荥阳城区","4室2厅 "," 133.68平米"," | 西南 | 毛坯 | 低楼层(共32层) | 板楼","11人关注 "," 5个月以前发布",6135,82
"十七里河观景三房 精装修 拎包入住","亚太明珠 - 远大理想城","3室2厅 "," 114.39平米"," | 南 | 精装 | 低楼层(共24层) | 板楼","1人关注 "," 1个月以前发布",12064,138
"华庭满五唯一 南北通 精装修 三开间朝南 视野开阔","绿都紫荆华庭佳园 - 橄榄城","3室2厅 "," 102.74平米"," | 南 | 精装 | 高楼层(共28层) | 板楼","73人关注 "," 一年前发布",15087,155
"次房税满两年，是纯南户型，采光好无遮挡。","书香雅居 - 新郑城区","3室2厅 "," 102.72平米"," | 南 | 简装 | 高楼层(共20层) | 塔楼","13人关注 "," 一年前发布",6280,64.5
"南区双气步梯一楼，南北通透设计满五唯一配套设施齐全","东电花苑 - 新郑城区","3室2厅 "," 126.87平米"," | 南 北 | 简装 | 低楼层(共7层) | 板塔结合","0人关注 "," 1个月以前发布",5045,64
"精装修婚房，楼层低，出行方便。","亚星江南小镇 - 上街区","3室2厅 "," 118.32平米"," | 东南 | 精装 | 低楼层(共33层) | 板塔结合","1人关注 "," 2个月以前发布",5748,68
"边户三房两卫 浩创梧桐郡 南北双阳台 楼层好","浩创梧桐郡 - 南龙湖商圈","3室2厅 "," 119.04平米"," | 南 | 毛坯 | 高楼层(共26层) | 板塔结合","0人关注 "," 1个月以前发布",7561,90
"此房满五唯一，中等装修，采光好，通风效果好。","郑东百合 - 中牟城区","4室2厅 "," 89.69平米"," | 西 | 简装 | 中楼层(共7层) | 板楼","0人关注 "," 2个月以前发布",6356,57
"房子面积大，小区物业好，绿化好，业主诚心出售！","晨胧华庭 - 中牟城区","3室2厅 "," 159.49平米"," | 南 北 | 精装 | 高楼层(共18层) | 暂无数据","2人关注 "," 7个月以前发布",10346,165
"视野开阔，采光充足，楼层好，设施齐全，，交通便利","泰宏建业国际城18号院 - 万客来","2室1厅 "," 58.92平米"," | 南 | 精装 | 高楼层(共32层) | 板塔结合","1人关注 "," 2个月以前发布",11881,70
"价格便宜，大三房，精装修，爱就马上行动","富田兴龙湾 - 南龙湖商圈","3室1厅 "," 120.07平米"," | 南 | 精装 | 低楼层(共33层) | 板楼","4人关注 "," 4个月以前发布",6663,80
"此房满五唯一，通透户型，中间楼层，","理想名城 - 上街区","3室2厅 "," 132平米"," | 南 | 毛坯 | 高楼层(共20层) | 板塔结合","2人关注 "," 2个月以前发布",4091,54
"4号线地铁口 精装三房 看房方便 橡树玫瑰城 诚心出售","橡树玫瑰城东区 - 阳光城","3室2厅 "," 88.71平米"," | 南 | 精装 | 18层 | 板塔结合","4人关注 "," 4个月以前发布",11611,103
"阳光城大三房视野采光好 看房基本随时业主诚心出售","阳光城9号院 - 阳光城","3室3厅 "," 119.55平米"," | 南 北 | 简装 | 高楼层(共32层) | 板楼","3人关注 "," 4个月以前发布",14773,176.6
"天下城 标准三房 随时可以交房 视野 采光好看房方便","开祥天下城 - 大石桥","3室2厅 "," 145.54平米"," | 南 | 简装 | 中楼层(共31层) | 板楼","0人关注 "," 1个月以前发布",24461,356
"房子精装修，户型方正，业主诚心出售","橡树玫瑰城北区 - 阳光城","3室2厅 "," 89.78平米"," | 南 北 | 精装 | 26层 | 板塔结合","2人关注 "," 2个月以前发布",12242,109.9
"双气小区润基华悦城 精装两室 诚意出售","润基花悦城 - 新郑城区","2室1厅 "," 57.98平米"," | 北 | 精装 | 中楼层(共19层) | 塔楼","18人关注 "," 一年前发布",5692,33
